scenario,population,patient_id,panel,retained,removed,added,changed,jaccard
p01,demonstration,1,uncertainty,5,0,0,False,1.0
p01,demonstration,1,low_score,5,0,0,False,1.0
p01,demonstration,2,uncertainty,5,0,0,False,1.0
p01,demonstration,2,low_score,5,0,0,False,1.0
p01,demonstration,3,uncertainty,5,0,0,False,1.0
p01,demonstration,3,low_score,5,0,0,False,1.0
p01,demonstration,4,uncertainty,5,0,0,False,1.0
p01,demonstration,4,low_score,5,0,0,False,1.0
p01,demonstration,5,uncertainty,5,0,0,False,1.0
p01,demonstration,5,low_score,5,0,0,False,1.0
p01,demonstration,6,uncertainty,5,0,0,False,1.0
p01,demonstration,6,low_score,5,0,0,False,1.0
p01,demonstration,7,uncertainty,5,0,0,False,1.0
p01,demonstration,7,low_score,5,0,0,False,1.0
p01,demonstration,8,uncertainty,5,0,0,False,1.0
p01,demonstration,8,low_score,5,0,0,False,1.0
p01,demonstration,9,uncertainty,5,0,0,False,1.0
p01,demonstration,9,low_score,5,0,0,False,1.0
p01,demonstration,10,uncertainty,5,0,0,False,1.0
p01,demonstration,10,low_score,5,0,0,False,1.0
p01,reference,159,uncertainty,5,0,0,False,1.0
p01,reference,159,low_score,5,0,0,False,1.0
p01,reference,42,uncertainty,5,0,0,False,1.0
p01,reference,42,low_score,5,0,0,False,1.0
p01,reference,64,uncertainty,5,0,0,False,1.0
p01,reference,64,low_score,5,0,0,False,1.0
p01,reference,12,uncertainty,5,0,0,False,1.0
p01,reference,12,low_score,5,0,0,False,1.0
p01,reference,160,uncertainty,5,0,0,False,1.0
p01,reference,160,low_score,5,0,0,False,1.0
p01,reference,155,uncertainty,5,0,0,False,1.0
p01,reference,155,low_score,5,0,0,False,1.0
p01,reference,11,uncertainty,5,0,0,False,1.0
p01,reference,11,low_score,5,0,0,False,1.0
p01,reference,124,uncertainty,5,0,0,False,1.0
p01,reference,124,low_score,5,0,0,False,1.0
p01,reference,169,uncertainty,5,0,0,False,1.0
p01,reference,169,low_score,5,0,0,False,1.0
p01,reference,106,uncertainty,5,0,0,False,1.0
p01,reference,106,low_score,5,0,0,False,1.0
p01,reference,157,uncertainty,5,0,0,False,1.0
p01,reference,157,low_score,5,0,0,False,1.0
p01,reference,126,uncertainty,5,0,0,False,1.0
p01,reference,126,low_score,5,0,0,False,1.0
p01,reference,55,uncertainty,5,0,0,False,1.0
p01,reference,55,low_score,5,0,0,False,1.0
p01,reference,113,uncertainty,5,0,0,False,1.0
p01,reference,113,low_score,5,0,0,False,1.0
p01,reference,158,uncertainty,5,0,0,False,1.0
p01,reference,158,low_score,5,0,0,False,1.0
p01,reference,165,uncertainty,5,0,0,False,1.0
p01,reference,165,low_score,5,0,0,False,1.0
p01,reference,178,uncertainty,5,0,0,False,1.0
p01,reference,178,low_score,5,0,0,False,1.0
p01,reference,133,uncertainty,5,0,0,False,1.0
p01,reference,133,low_score,5,0,0,False,1.0
p01,reference,78,uncertainty,5,0,0,False,1.0
p01,reference,78,low_score,5,0,0,False,1.0
p01,reference,70,uncertainty,5,0,0,False,1.0
p01,reference,70,low_score,5,0,0,False,1.0
p01,reference,176,uncertainty,5,0,0,False,1.0
p01,reference,176,low_score,5,0,0,False,1.0
p01,reference,17,uncertainty,5,0,0,False,1.0
p01,reference,17,low_score,5,0,0,False,1.0
p01,reference,136,uncertainty,5,0,0,False,1.0
p01,reference,136,low_score,5,0,0,False,1.0
p01,reference,76,uncertainty,5,0,0,False,1.0
p01,reference,76,low_score,5,0,0,False,1.0
p01,reference,82,uncertainty,5,0,0,False,1.0
p01,reference,82,low_score,5,0,0,False,1.0
p01,reference,114,uncertainty,5,0,0,False,1.0
p01,reference,114,low_score,5,0,0,False,1.0
p01,reference,168,uncertainty,5,0,0,False,1.0
p01,reference,168,low_score,5,0,0,False,1.0
p01,reference,28,uncertainty,5,0,0,False,1.0
p01,reference,28,low_score,5,0,0,False,1.0
p01,reference,39,uncertainty,5,0,0,False,1.0
p01,reference,39,low_score,5,0,0,False,1.0
p01,reference,50,uncertainty,5,0,0,False,1.0
p01,reference,50,low_score,5,0,0,False,1.0
p01,reference,61,uncertainty,5,0,0,False,1.0
p01,reference,61,low_score,5,0,0,False,1.0
p01,reference,100,uncertainty,5,0,0,False,1.0
p01,reference,100,low_score,5,0,0,False,1.0
p01,reference,130,uncertainty,5,0,0,False,1.0
p01,reference,130,low_score,5,0,0,False,1.0
p01,reference,141,uncertainty,5,0,0,False,1.0
p01,reference,141,low_score,5,0,0,False,1.0
p01,reference,53,uncertainty,5,0,0,False,1.0
p01,reference,53,low_score,5,0,0,False,1.0
p01,reference,73,uncertainty,5,0,0,False,1.0
p01,reference,73,low_score,5,0,0,False,1.0
p01,reference,9,uncertainty,5,0,0,False,1.0
p01,reference,9,low_score,5,0,0,False,1.0
p01,reference,6,uncertainty,5,0,0,False,1.0
p01,reference,6,low_score,5,0,0,False,1.0
p01,reference,31,uncertainty,5,0,0,False,1.0
p01,reference,31,low_score,5,0,0,False,1.0
p01,reference,94,uncertainty,5,0,0,False,1.0
p01,reference,94,low_score,5,0,0,False,1.0
p01,reference,58,uncertainty,5,0,0,False,1.0
p01,reference,58,low_score,5,0,0,False,1.0
p01,reference,177,uncertainty,5,0,0,False,1.0
p01,reference,177,low_score,5,0,0,False,1.0
p01,reference,48,uncertainty,5,0,0,False,1.0
p01,reference,48,low_score,5,0,0,False,1.0
p01,reference,164,uncertainty,5,0,0,False,1.0
p01,reference,164,low_score,5,0,0,False,1.0
p01,reference,67,uncertainty,5,0,0,False,1.0
p01,reference,67,low_score,5,0,0,False,1.0
p01,reference,118,uncertainty,5,0,0,False,1.0
p01,reference,118,low_score,5,0,0,False,1.0
p01,reference,79,uncertainty,5,0,0,False,1.0
p01,reference,79,low_score,5,0,0,False,1.0
p01,reference,122,uncertainty,5,0,0,False,1.0
p01,reference,122,low_score,5,0,0,False,1.0
p01,reference,54,uncertainty,5,0,0,False,1.0
p01,reference,54,low_score,5,0,0,False,1.0
p01,reference,151,uncertainty,5,0,0,False,1.0
p01,reference,151,low_score,5,0,0,False,1.0
p01,reference,103,uncertainty,5,0,0,False,1.0
p01,reference,103,low_score,5,0,0,False,1.0
p01,reference,137,uncertainty,5,0,0,False,1.0
p01,reference,137,low_score,5,0,0,False,1.0
p01,reference,132,uncertainty,5,0,0,False,1.0
p01,reference,132,low_score,5,0,0,False,1.0
p01,reference,143,uncertainty,5,0,0,False,1.0
p01,reference,143,low_score,5,0,0,False,1.0
p01,reference,107,uncertainty,5,0,0,False,1.0
p01,reference,107,low_score,5,0,0,False,1.0
p01,reference,119,uncertainty,5,0,0,False,1.0
p01,reference,119,low_score,5,0,0,False,1.0
p01,reference,109,uncertainty,5,0,0,False,1.0
p01,reference,109,low_score,5,0,0,False,1.0
p01,reference,84,uncertainty,5,0,0,False,1.0
p01,reference,84,low_score,5,0,0,False,1.0
p01,reference,135,uncertainty,5,0,0,False,1.0
p01,reference,135,low_score,5,0,0,False,1.0
p01,reference,125,uncertainty,5,0,0,False,1.0
p01,reference,125,low_score,5,0,0,False,1.0
p01,reference,161,uncertainty,5,0,0,False,1.0
p01,reference,161,low_score,5,0,0,False,1.0
p01,reference,4,uncertainty,5,0,0,False,1.0
p01,reference,4,low_score,5,0,0,False,1.0
p01,reference,72,uncertainty,5,0,0,False,1.0
p01,reference,72,low_score,4,0,0,False,1.0
p01,reference,68,uncertainty,5,0,0,False,1.0
p01,reference,68,low_score,5,0,0,False,1.0
p01,reference,175,uncertainty,5,0,0,False,1.0
p01,reference,175,low_score,5,0,0,False,1.0
p01,reference,182,uncertainty,5,0,0,False,1.0
p01,reference,182,low_score,5,0,0,False,1.0
p01,reference,134,uncertainty,5,0,0,False,1.0
p01,reference,134,low_score,5,0,0,False,1.0
p01,reference,105,uncertainty,5,0,0,False,1.0
p01,reference,105,low_score,5,0,0,False,1.0
p01,reference,43,uncertainty,5,0,0,False,1.0
p01,reference,43,low_score,5,0,0,False,1.0
p01,reference,139,uncertainty,5,0,0,False,1.0
p01,reference,139,low_score,5,0,0,False,1.0
p01,reference,3,uncertainty,5,0,0,False,1.0
p01,reference,3,low_score,5,0,0,False,1.0
p01,reference,62,uncertainty,5,0,0,False,1.0
p01,reference,62,low_score,5,0,0,False,1.0
p01,reference,5,uncertainty,5,0,0,False,1.0
p01,reference,5,low_score,5,0,0,False,1.0
p01,reference,66,uncertainty,5,0,0,False,1.0
p01,reference,66,low_score,5,0,0,False,1.0
p01,reference,180,uncertainty,5,0,0,False,1.0
p01,reference,180,low_score,5,0,0,False,1.0
p01,reference,30,uncertainty,5,0,0,False,1.0
p01,reference,30,low_score,5,0,0,False,1.0
p01,reference,149,uncertainty,5,0,0,False,1.0
p01,reference,149,low_score,5,0,0,False,1.0
p01,reference,110,uncertainty,5,0,0,False,1.0
p01,reference,110,low_score,5,0,0,False,1.0
p01,reference,13,uncertainty,5,0,0,False,1.0
p01,reference,13,low_score,5,0,0,False,1.0
p01,reference,7,uncertainty,5,0,0,False,1.0
p01,reference,7,low_score,5,0,0,False,1.0
p01,reference,87,uncertainty,5,0,0,False,1.0
p01,reference,87,low_score,5,0,0,False,1.0
p01,reference,150,uncertainty,5,0,0,False,1.0
p01,reference,150,low_score,5,0,0,False,1.0
p01,reference,179,uncertainty,5,0,0,False,1.0
p01,reference,179,low_score,5,0,0,False,1.0
p01,reference,181,uncertainty,5,0,0,False,1.0
p01,reference,181,low_score,5,0,0,False,1.0
p01,reference,148,uncertainty,5,0,0,False,1.0
p01,reference,148,low_score,5,0,0,False,1.0
p01,reference,162,uncertainty,5,0,0,False,1.0
p01,reference,162,low_score,5,0,0,False,1.0
p01,reference,102,uncertainty,5,0,0,False,1.0
p01,reference,102,low_score,5,0,0,False,1.0
p01,reference,56,uncertainty,5,0,0,False,1.0
p01,reference,56,low_score,5,0,0,False,1.0
p01,reference,19,uncertainty,5,0,0,False,1.0
p01,reference,19,low_score,5,0,0,False,1.0
p01,reference,112,uncertainty,5,0,0,False,1.0
p01,reference,112,low_score,5,0,0,False,1.0
p01,reference,40,uncertainty,5,0,0,False,1.0
p01,reference,40,low_score,5,0,0,False,1.0
p01,reference,22,uncertainty,5,0,0,False,1.0
p01,reference,22,low_score,5,0,0,False,1.0
p01,reference,88,uncertainty,5,0,0,False,1.0
p01,reference,88,low_score,5,0,0,False,1.0
p01,reference,167,uncertainty,5,0,0,False,1.0
p01,reference,167,low_score,5,0,0,False,1.0
p01,reference,183,uncertainty,5,0,0,False,1.0
p01,reference,183,low_score,5,0,0,False,1.0
p01,reference,24,uncertainty,5,0,0,False,1.0
p01,reference,24,low_score,5,0,0,False,1.0
p01,reference,128,uncertainty,5,0,0,False,1.0
p01,reference,128,low_score,5,0,0,False,1.0
p01,reference,120,uncertainty,5,0,0,False,1.0
p01,reference,120,low_score,5,0,0,False,1.0
p01,reference,45,uncertainty,5,0,0,False,1.0
p01,reference,45,low_score,5,0,0,False,1.0
p01,reference,86,uncertainty,5,0,0,False,1.0
p01,reference,86,low_score,5,0,0,False,1.0
p01,reference,156,uncertainty,5,0,0,False,1.0
p01,reference,156,low_score,5,0,0,False,1.0
p01,reference,98,uncertainty,5,0,0,False,1.0
p01,reference,98,low_score,5,0,0,False,1.0
p01,reference,92,uncertainty,5,0,0,False,1.0
p01,reference,92,low_score,5,0,0,False,1.0
p01,reference,95,uncertainty,5,0,0,False,1.0
p01,reference,95,low_score,5,0,0,False,1.0
p01,reference,101,uncertainty,5,0,0,False,1.0
p01,reference,101,low_score,5,0,0,False,1.0
p01,reference,47,uncertainty,5,0,0,False,1.0
p01,reference,47,low_score,5,0,0,False,1.0
p01,reference,25,uncertainty,5,0,0,False,1.0
p01,reference,25,low_score,5,0,0,False,1.0
p01,reference,121,uncertainty,5,0,0,False,1.0
p01,reference,121,low_score,5,0,0,False,1.0
p01,reference,41,uncertainty,5,0,0,False,1.0
p01,reference,41,low_score,5,0,0,False,1.0
p01,reference,99,uncertainty,5,0,0,False,1.0
p01,reference,99,low_score,5,0,0,False,1.0
p01,reference,27,uncertainty,5,0,0,False,1.0
p01,reference,27,low_score,5,0,0,False,1.0
p01,reference,140,uncertainty,5,0,0,False,1.0
p01,reference,140,low_score,5,0,0,False,1.0
p01,reference,81,uncertainty,5,0,0,False,1.0
p01,reference,81,low_score,3,0,0,False,1.0
p01,reference,144,uncertainty,5,0,0,False,1.0
p01,reference,144,low_score,5,0,0,False,1.0
p01,reference,108,uncertainty,5,0,0,False,1.0
p01,reference,108,low_score,5,0,0,False,1.0
p01,reference,85,uncertainty,5,0,0,False,1.0
p01,reference,85,low_score,5,0,0,False,1.0
p01,reference,152,uncertainty,5,0,0,False,1.0
p01,reference,152,low_score,5,0,0,False,1.0
p01,reference,15,uncertainty,5,0,0,False,1.0
p01,reference,15,low_score,5,0,0,False,1.0
p01,reference,89,uncertainty,5,0,0,False,1.0
p01,reference,89,low_score,5,0,0,False,1.0
p01,reference,116,uncertainty,5,0,0,False,1.0
p01,reference,116,low_score,5,0,0,False,1.0
p01,reference,138,uncertainty,5,0,0,False,1.0
p01,reference,138,low_score,5,0,0,False,1.0
p01,reference,154,uncertainty,5,0,0,False,1.0
p01,reference,154,low_score,5,0,0,False,1.0
p01,reference,104,uncertainty,5,0,0,False,1.0
p01,reference,104,low_score,5,0,0,False,1.0
p01,reference,131,uncertainty,5,0,0,False,1.0
p01,reference,131,low_score,5,0,0,False,1.0
p01,reference,129,uncertainty,5,0,0,False,1.0
p01,reference,129,low_score,5,0,0,False,1.0
p01,reference,96,uncertainty,5,0,0,False,1.0
p01,reference,96,low_score,5,0,0,False,1.0
p01,reference,44,uncertainty,5,0,0,False,1.0
p01,reference,44,low_score,5,0,0,False,1.0
p01,reference,46,uncertainty,5,0,0,False,1.0
p01,reference,46,low_score,5,0,0,False,1.0
p01,complete_cohort,2,uncertainty,5,0,0,False,1.0
p01,complete_cohort,2,low_score,5,0,0,False,1.0
p01,complete_cohort,3,uncertainty,5,0,0,False,1.0
p01,complete_cohort,3,low_score,5,0,0,False,1.0
p01,complete_cohort,4,uncertainty,5,0,0,False,1.0
p01,complete_cohort,4,low_score,5,0,0,False,1.0
p01,complete_cohort,5,uncertainty,5,0,0,False,1.0
p01,complete_cohort,5,low_score,5,0,0,False,1.0
p01,complete_cohort,6,uncertainty,5,0,0,False,1.0
p01,complete_cohort,6,low_score,5,0,0,False,1.0
p01,complete_cohort,7,uncertainty,5,0,0,False,1.0
p01,complete_cohort,7,low_score,5,0,0,False,1.0
p01,complete_cohort,9,uncertainty,5,0,0,False,1.0
p01,complete_cohort,9,low_score,5,0,0,False,1.0
p01,complete_cohort,11,uncertainty,5,0,0,False,1.0
p01,complete_cohort,11,low_score,5,0,0,False,1.0
p01,complete_cohort,12,uncertainty,5,0,0,False,1.0
p01,complete_cohort,12,low_score,5,0,0,False,1.0
p01,complete_cohort,13,uncertainty,5,0,0,False,1.0
p01,complete_cohort,13,low_score,5,0,0,False,1.0
p01,complete_cohort,14,uncertainty,5,0,0,False,1.0
p01,complete_cohort,14,low_score,5,0,0,False,1.0
p01,complete_cohort,15,uncertainty,5,0,0,False,1.0
p01,complete_cohort,15,low_score,5,0,0,False,1.0
p01,complete_cohort,17,uncertainty,5,0,0,False,1.0
p01,complete_cohort,17,low_score,5,0,0,False,1.0
p01,complete_cohort,19,uncertainty,5,0,0,False,1.0
p01,complete_cohort,19,low_score,5,0,0,False,1.0
p01,complete_cohort,20,uncertainty,5,0,0,False,1.0
p01,complete_cohort,20,low_score,5,0,0,False,1.0
p01,complete_cohort,21,uncertainty,5,0,0,False,1.0
p01,complete_cohort,21,low_score,5,0,0,False,1.0
p01,complete_cohort,22,uncertainty,5,0,0,False,1.0
p01,complete_cohort,22,low_score,5,0,0,False,1.0
p01,complete_cohort,23,uncertainty,5,0,0,False,1.0
p01,complete_cohort,23,low_score,5,0,0,False,1.0
p01,complete_cohort,24,uncertainty,5,0,0,False,1.0
p01,complete_cohort,24,low_score,5,0,0,False,1.0
p01,complete_cohort,25,uncertainty,5,0,0,False,1.0
p01,complete_cohort,25,low_score,5,0,0,False,1.0
p01,complete_cohort,27,uncertainty,5,0,0,False,1.0
p01,complete_cohort,27,low_score,5,0,0,False,1.0
p01,complete_cohort,28,uncertainty,5,0,0,False,1.0
p01,complete_cohort,28,low_score,5,0,0,False,1.0
p01,complete_cohort,29,uncertainty,5,0,0,False,1.0
p01,complete_cohort,29,low_score,5,0,0,False,1.0
p01,complete_cohort,30,uncertainty,5,0,0,False,1.0
p01,complete_cohort,30,low_score,5,0,0,False,1.0
p01,complete_cohort,31,uncertainty,5,0,0,False,1.0
p01,complete_cohort,31,low_score,5,0,0,False,1.0
p01,complete_cohort,39,uncertainty,5,0,0,False,1.0
p01,complete_cohort,39,low_score,5,0,0,False,1.0
p01,complete_cohort,40,uncertainty,5,0,0,False,1.0
p01,complete_cohort,40,low_score,5,0,0,False,1.0
p01,complete_cohort,41,uncertainty,5,0,0,False,1.0
p01,complete_cohort,41,low_score,5,0,0,False,1.0
p01,complete_cohort,42,uncertainty,5,0,0,False,1.0
p01,complete_cohort,42,low_score,5,0,0,False,1.0
p01,complete_cohort,43,uncertainty,5,0,0,False,1.0
p01,complete_cohort,43,low_score,5,0,0,False,1.0
p01,complete_cohort,44,uncertainty,5,0,0,False,1.0
p01,complete_cohort,44,low_score,5,0,0,False,1.0
p01,complete_cohort,45,uncertainty,5,0,0,False,1.0
p01,complete_cohort,45,low_score,5,0,0,False,1.0
p01,complete_cohort,46,uncertainty,5,0,0,False,1.0
p01,complete_cohort,46,low_score,5,0,0,False,1.0
p01,complete_cohort,47,uncertainty,5,0,0,False,1.0
p01,complete_cohort,47,low_score,5,0,0,False,1.0
p01,complete_cohort,48,uncertainty,5,0,0,False,1.0
p01,complete_cohort,48,low_score,5,0,0,False,1.0
p01,complete_cohort,50,uncertainty,5,0,0,False,1.0
p01,complete_cohort,50,low_score,5,0,0,False,1.0
p01,complete_cohort,51,uncertainty,5,0,0,False,1.0
p01,complete_cohort,51,low_score,5,0,0,False,1.0
p01,complete_cohort,52,uncertainty,5,0,0,False,1.0
p01,complete_cohort,52,low_score,5,0,0,False,1.0
p01,complete_cohort,53,uncertainty,5,0,0,False,1.0
p01,complete_cohort,53,low_score,5,0,0,False,1.0
p01,complete_cohort,54,uncertainty,5,0,0,False,1.0
p01,complete_cohort,54,low_score,5,0,0,False,1.0
p01,complete_cohort,55,uncertainty,5,0,0,False,1.0
p01,complete_cohort,55,low_score,5,0,0,False,1.0
p01,complete_cohort,56,uncertainty,5,0,0,False,1.0
p01,complete_cohort,56,low_score,5,0,0,False,1.0
p01,complete_cohort,58,uncertainty,5,0,0,False,1.0
p01,complete_cohort,58,low_score,5,0,0,False,1.0
p01,complete_cohort,59,uncertainty,5,0,0,False,1.0
p01,complete_cohort,59,low_score,5,0,0,False,1.0
p01,complete_cohort,61,uncertainty,5,0,0,False,1.0
p01,complete_cohort,61,low_score,5,0,0,False,1.0
p01,complete_cohort,62,uncertainty,5,0,0,False,1.0
p01,complete_cohort,62,low_score,5,0,0,False,1.0
p01,complete_cohort,63,uncertainty,5,0,0,False,1.0
p01,complete_cohort,63,low_score,5,0,0,False,1.0
p01,complete_cohort,64,uncertainty,5,0,0,False,1.0
p01,complete_cohort,64,low_score,5,0,0,False,1.0
p01,complete_cohort,66,uncertainty,5,0,0,False,1.0
p01,complete_cohort,66,low_score,5,0,0,False,1.0
p01,complete_cohort,67,uncertainty,5,0,0,False,1.0
p01,complete_cohort,67,low_score,5,0,0,False,1.0
p01,complete_cohort,68,uncertainty,5,0,0,False,1.0
p01,complete_cohort,68,low_score,5,0,0,False,1.0
p01,complete_cohort,70,uncertainty,5,0,0,False,1.0
p01,complete_cohort,70,low_score,5,0,0,False,1.0
p01,complete_cohort,71,uncertainty,5,0,0,False,1.0
p01,complete_cohort,71,low_score,5,0,0,False,1.0
p01,complete_cohort,72,uncertainty,5,0,0,False,1.0
p01,complete_cohort,72,low_score,4,0,0,False,1.0
p01,complete_cohort,73,uncertainty,5,0,0,False,1.0
p01,complete_cohort,73,low_score,5,0,0,False,1.0
p01,complete_cohort,74,uncertainty,5,0,0,False,1.0
p01,complete_cohort,74,low_score,5,0,0,False,1.0
p01,complete_cohort,76,uncertainty,5,0,0,False,1.0
p01,complete_cohort,76,low_score,5,0,0,False,1.0
p01,complete_cohort,77,uncertainty,5,0,0,False,1.0
p01,complete_cohort,77,low_score,5,0,0,False,1.0
p01,complete_cohort,78,uncertainty,5,0,0,False,1.0
p01,complete_cohort,78,low_score,5,0,0,False,1.0
p01,complete_cohort,79,uncertainty,5,0,0,False,1.0
p01,complete_cohort,79,low_score,5,0,0,False,1.0
p01,complete_cohort,80,uncertainty,5,0,0,False,1.0
p01,complete_cohort,80,low_score,5,0,0,False,1.0
p01,complete_cohort,81,uncertainty,5,0,0,False,1.0
p01,complete_cohort,81,low_score,3,0,0,False,1.0
p01,complete_cohort,82,uncertainty,5,0,0,False,1.0
p01,complete_cohort,82,low_score,5,0,0,False,1.0
p01,complete_cohort,83,uncertainty,5,0,0,False,1.0
p01,complete_cohort,83,low_score,5,0,0,False,1.0
p01,complete_cohort,84,uncertainty,5,0,0,False,1.0
p01,complete_cohort,84,low_score,5,0,0,False,1.0
p01,complete_cohort,85,uncertainty,5,0,0,False,1.0
p01,complete_cohort,85,low_score,5,0,0,False,1.0
p01,complete_cohort,86,uncertainty,5,0,0,False,1.0
p01,complete_cohort,86,low_score,5,0,0,False,1.0
p01,complete_cohort,87,uncertainty,5,0,0,False,1.0
p01,complete_cohort,87,low_score,5,0,0,False,1.0
p01,complete_cohort,88,uncertainty,5,0,0,False,1.0
p01,complete_cohort,88,low_score,5,0,0,False,1.0
p01,complete_cohort,89,uncertainty,5,0,0,False,1.0
p01,complete_cohort,89,low_score,5,0,0,False,1.0
p01,complete_cohort,90,uncertainty,5,0,0,False,1.0
p01,complete_cohort,90,low_score,5,0,0,False,1.0
p01,complete_cohort,91,uncertainty,5,0,0,False,1.0
p01,complete_cohort,91,low_score,5,0,0,False,1.0
p01,complete_cohort,92,uncertainty,5,0,0,False,1.0
p01,complete_cohort,92,low_score,5,0,0,False,1.0
p01,complete_cohort,93,uncertainty,5,0,0,False,1.0
p01,complete_cohort,93,low_score,5,0,0,False,1.0
p01,complete_cohort,94,uncertainty,5,0,0,False,1.0
p01,complete_cohort,94,low_score,5,0,0,False,1.0
p01,complete_cohort,95,uncertainty,5,0,0,False,1.0
p01,complete_cohort,95,low_score,5,0,0,False,1.0
p01,complete_cohort,96,uncertainty,5,0,0,False,1.0
p01,complete_cohort,96,low_score,5,0,0,False,1.0
p01,complete_cohort,97,uncertainty,5,0,0,False,1.0
p01,complete_cohort,97,low_score,5,0,0,False,1.0
p01,complete_cohort,98,uncertainty,5,0,0,False,1.0
p01,complete_cohort,98,low_score,5,0,0,False,1.0
p01,complete_cohort,99,uncertainty,5,0,0,False,1.0
p01,complete_cohort,99,low_score,5,0,0,False,1.0
p01,complete_cohort,100,uncertainty,5,0,0,False,1.0
p01,complete_cohort,100,low_score,5,0,0,False,1.0
p01,complete_cohort,101,uncertainty,5,0,0,False,1.0
p01,complete_cohort,101,low_score,5,0,0,False,1.0
p01,complete_cohort,102,uncertainty,5,0,0,False,1.0
p01,complete_cohort,102,low_score,5,0,0,False,1.0
p01,complete_cohort,103,uncertainty,5,0,0,False,1.0
p01,complete_cohort,103,low_score,5,0,0,False,1.0
p01,complete_cohort,104,uncertainty,5,0,0,False,1.0
p01,complete_cohort,104,low_score,5,0,0,False,1.0
p01,complete_cohort,105,uncertainty,5,0,0,False,1.0
p01,complete_cohort,105,low_score,5,0,0,False,1.0
p01,complete_cohort,106,uncertainty,5,0,0,False,1.0
p01,complete_cohort,106,low_score,5,0,0,False,1.0
p01,complete_cohort,107,uncertainty,5,0,0,False,1.0
p01,complete_cohort,107,low_score,5,0,0,False,1.0
p01,complete_cohort,108,uncertainty,5,0,0,False,1.0
p01,complete_cohort,108,low_score,5,0,0,False,1.0
p01,complete_cohort,109,uncertainty,5,0,0,False,1.0
p01,complete_cohort,109,low_score,5,0,0,False,1.0
p01,complete_cohort,110,uncertainty,5,0,0,False,1.0
p01,complete_cohort,110,low_score,5,0,0,False,1.0
p01,complete_cohort,111,uncertainty,5,0,0,False,1.0
p01,complete_cohort,111,low_score,5,0,0,False,1.0
p01,complete_cohort,112,uncertainty,5,0,0,False,1.0
p01,complete_cohort,112,low_score,5,0,0,False,1.0
p01,complete_cohort,113,uncertainty,5,0,0,False,1.0
p01,complete_cohort,113,low_score,5,0,0,False,1.0
p01,complete_cohort,114,uncertainty,5,0,0,False,1.0
p01,complete_cohort,114,low_score,5,0,0,False,1.0
p01,complete_cohort,115,uncertainty,5,0,0,False,1.0
p01,complete_cohort,115,low_score,5,0,0,False,1.0
p01,complete_cohort,116,uncertainty,5,0,0,False,1.0
p01,complete_cohort,116,low_score,5,0,0,False,1.0
p01,complete_cohort,117,uncertainty,5,0,0,False,1.0
p01,complete_cohort,117,low_score,5,0,0,False,1.0
p01,complete_cohort,118,uncertainty,5,0,0,False,1.0
p01,complete_cohort,118,low_score,5,0,0,False,1.0
p01,complete_cohort,119,uncertainty,5,0,0,False,1.0
p01,complete_cohort,119,low_score,5,0,0,False,1.0
p01,complete_cohort,120,uncertainty,5,0,0,False,1.0
p01,complete_cohort,120,low_score,5,0,0,False,1.0
p01,complete_cohort,121,uncertainty,5,0,0,False,1.0
p01,complete_cohort,121,low_score,5,0,0,False,1.0
p01,complete_cohort,122,uncertainty,5,0,0,False,1.0
p01,complete_cohort,122,low_score,5,0,0,False,1.0
p01,complete_cohort,123,uncertainty,5,0,0,False,1.0
p01,complete_cohort,123,low_score,5,0,0,False,1.0
p01,complete_cohort,124,uncertainty,5,0,0,False,1.0
p01,complete_cohort,124,low_score,5,0,0,False,1.0
p01,complete_cohort,125,uncertainty,5,0,0,False,1.0
p01,complete_cohort,125,low_score,5,0,0,False,1.0
p01,complete_cohort,126,uncertainty,5,0,0,False,1.0
p01,complete_cohort,126,low_score,5,0,0,False,1.0
p01,complete_cohort,127,uncertainty,5,0,0,False,1.0
p01,complete_cohort,127,low_score,5,0,0,False,1.0
p01,complete_cohort,128,uncertainty,5,0,0,False,1.0
p01,complete_cohort,128,low_score,5,0,0,False,1.0
p01,complete_cohort,129,uncertainty,5,0,0,False,1.0
p01,complete_cohort,129,low_score,5,0,0,False,1.0
p01,complete_cohort,130,uncertainty,5,0,0,False,1.0
p01,complete_cohort,130,low_score,5,0,0,False,1.0
p01,complete_cohort,131,uncertainty,5,0,0,False,1.0
p01,complete_cohort,131,low_score,5,0,0,False,1.0
p01,complete_cohort,132,uncertainty,5,0,0,False,1.0
p01,complete_cohort,132,low_score,5,0,0,False,1.0
p01,complete_cohort,133,uncertainty,5,0,0,False,1.0
p01,complete_cohort,133,low_score,5,0,0,False,1.0
p01,complete_cohort,134,uncertainty,5,0,0,False,1.0
p01,complete_cohort,134,low_score,5,0,0,False,1.0
p01,complete_cohort,135,uncertainty,5,0,0,False,1.0
p01,complete_cohort,135,low_score,5,0,0,False,1.0
p01,complete_cohort,136,uncertainty,5,0,0,False,1.0
p01,complete_cohort,136,low_score,5,0,0,False,1.0
p01,complete_cohort,137,uncertainty,5,0,0,False,1.0
p01,complete_cohort,137,low_score,5,0,0,False,1.0
p01,complete_cohort,138,uncertainty,5,0,0,False,1.0
p01,complete_cohort,138,low_score,5,0,0,False,1.0
p01,complete_cohort,139,uncertainty,5,0,0,False,1.0
p01,complete_cohort,139,low_score,5,0,0,False,1.0
p01,complete_cohort,140,uncertainty,5,0,0,False,1.0
p01,complete_cohort,140,low_score,5,0,0,False,1.0
p01,complete_cohort,141,uncertainty,5,0,0,False,1.0
p01,complete_cohort,141,low_score,5,0,0,False,1.0
p01,complete_cohort,142,uncertainty,5,0,0,False,1.0
p01,complete_cohort,142,low_score,5,0,0,False,1.0
p01,complete_cohort,143,uncertainty,5,0,0,False,1.0
p01,complete_cohort,143,low_score,5,0,0,False,1.0
p01,complete_cohort,144,uncertainty,5,0,0,False,1.0
p01,complete_cohort,144,low_score,5,0,0,False,1.0
p01,complete_cohort,147,uncertainty,5,0,0,False,1.0
p01,complete_cohort,147,low_score,5,0,0,False,1.0
p01,complete_cohort,148,uncertainty,5,0,0,False,1.0
p01,complete_cohort,148,low_score,5,0,0,False,1.0
p01,complete_cohort,149,uncertainty,5,0,0,False,1.0
p01,complete_cohort,149,low_score,5,0,0,False,1.0
p01,complete_cohort,150,uncertainty,5,0,0,False,1.0
p01,complete_cohort,150,low_score,5,0,0,False,1.0
p01,complete_cohort,151,uncertainty,5,0,0,False,1.0
p01,complete_cohort,151,low_score,5,0,0,False,1.0
p01,complete_cohort,152,uncertainty,5,0,0,False,1.0
p01,complete_cohort,152,low_score,5,0,0,False,1.0
p01,complete_cohort,153,uncertainty,5,0,0,False,1.0
p01,complete_cohort,153,low_score,5,0,0,False,1.0
p01,complete_cohort,154,uncertainty,5,0,0,False,1.0
p01,complete_cohort,154,low_score,5,0,0,False,1.0
p01,complete_cohort,155,uncertainty,5,0,0,False,1.0
p01,complete_cohort,155,low_score,5,0,0,False,1.0
p01,complete_cohort,156,uncertainty,5,0,0,False,1.0
p01,complete_cohort,156,low_score,5,0,0,False,1.0
p01,complete_cohort,157,uncertainty,5,0,0,False,1.0
p01,complete_cohort,157,low_score,5,0,0,False,1.0
p01,complete_cohort,158,uncertainty,5,0,0,False,1.0
p01,complete_cohort,158,low_score,5,0,0,False,1.0
p01,complete_cohort,159,uncertainty,5,0,0,False,1.0
p01,complete_cohort,159,low_score,5,0,0,False,1.0
p01,complete_cohort,160,uncertainty,5,0,0,False,1.0
p01,complete_cohort,160,low_score,5,0,0,False,1.0
p01,complete_cohort,161,uncertainty,5,0,0,False,1.0
p01,complete_cohort,161,low_score,5,0,0,False,1.0
p01,complete_cohort,162,uncertainty,5,0,0,False,1.0
p01,complete_cohort,162,low_score,5,0,0,False,1.0
p01,complete_cohort,163,uncertainty,5,0,0,False,1.0
p01,complete_cohort,163,low_score,5,0,0,False,1.0
p01,complete_cohort,164,uncertainty,5,0,0,False,1.0
p01,complete_cohort,164,low_score,5,0,0,False,1.0
p01,complete_cohort,165,uncertainty,5,0,0,False,1.0
p01,complete_cohort,165,low_score,5,0,0,False,1.0
p01,complete_cohort,166,uncertainty,5,0,0,False,1.0
p01,complete_cohort,166,low_score,5,0,0,False,1.0
p01,complete_cohort,167,uncertainty,5,0,0,False,1.0
p01,complete_cohort,167,low_score,5,0,0,False,1.0
p01,complete_cohort,168,uncertainty,5,0,0,False,1.0
p01,complete_cohort,168,low_score,5,0,0,False,1.0
p01,complete_cohort,169,uncertainty,5,0,0,False,1.0
p01,complete_cohort,169,low_score,5,0,0,False,1.0
p01,complete_cohort,170,uncertainty,5,0,0,False,1.0
p01,complete_cohort,170,low_score,5,0,0,False,1.0
p01,complete_cohort,172,uncertainty,5,0,0,False,1.0
p01,complete_cohort,172,low_score,5,0,0,False,1.0
p01,complete_cohort,174,uncertainty,5,0,0,False,1.0
p01,complete_cohort,174,low_score,5,0,0,False,1.0
p01,complete_cohort,175,uncertainty,5,0,0,False,1.0
p01,complete_cohort,175,low_score,5,0,0,False,1.0
p01,complete_cohort,176,uncertainty,5,0,0,False,1.0
p01,complete_cohort,176,low_score,5,0,0,False,1.0
p01,complete_cohort,177,uncertainty,5,0,0,False,1.0
p01,complete_cohort,177,low_score,5,0,0,False,1.0
p01,complete_cohort,178,uncertainty,5,0,0,False,1.0
p01,complete_cohort,178,low_score,5,0,0,False,1.0
p01,complete_cohort,179,uncertainty,5,0,0,False,1.0
p01,complete_cohort,179,low_score,5,0,0,False,1.0
p01,complete_cohort,180,uncertainty,5,0,0,False,1.0
p01,complete_cohort,180,low_score,5,0,0,False,1.0
p01,complete_cohort,181,uncertainty,5,0,0,False,1.0
p01,complete_cohort,181,low_score,5,0,0,False,1.0
p01,complete_cohort,182,uncertainty,5,0,0,False,1.0
p01,complete_cohort,182,low_score,5,0,0,False,1.0
p01,complete_cohort,183,uncertainty,5,0,0,False,1.0
p01,complete_cohort,183,low_score,5,0,0,False,1.0
p05,demonstration,1,uncertainty,5,0,0,False,1.0
p05,demonstration,1,low_score,5,0,0,False,1.0
p05,demonstration,2,uncertainty,5,0,0,False,1.0
p05,demonstration,2,low_score,5,0,0,False,1.0
p05,demonstration,3,uncertainty,5,0,0,False,1.0
p05,demonstration,3,low_score,5,0,0,False,1.0
p05,demonstration,4,uncertainty,5,0,0,False,1.0
p05,demonstration,4,low_score,5,0,0,False,1.0
p05,demonstration,5,uncertainty,5,0,0,False,1.0
p05,demonstration,5,low_score,5,0,0,False,1.0
p05,demonstration,6,uncertainty,5,0,0,False,1.0
p05,demonstration,6,low_score,5,0,0,False,1.0
p05,demonstration,7,uncertainty,5,0,0,False,1.0
p05,demonstration,7,low_score,5,0,0,False,1.0
p05,demonstration,8,uncertainty,5,0,0,False,1.0
p05,demonstration,8,low_score,5,0,0,False,1.0
p05,demonstration,9,uncertainty,5,0,0,False,1.0
p05,demonstration,9,low_score,5,0,0,False,1.0
p05,demonstration,10,uncertainty,5,0,0,False,1.0
p05,demonstration,10,low_score,5,0,0,False,1.0
p05,reference,159,uncertainty,5,0,0,False,1.0
p05,reference,159,low_score,5,0,0,False,1.0
p05,reference,42,uncertainty,5,0,0,False,1.0
p05,reference,42,low_score,5,0,0,False,1.0
p05,reference,64,uncertainty,5,0,0,False,1.0
p05,reference,64,low_score,5,0,0,False,1.0
p05,reference,12,uncertainty,5,0,0,False,1.0
p05,reference,12,low_score,5,0,0,False,1.0
p05,reference,160,uncertainty,5,0,0,False,1.0
p05,reference,160,low_score,5,0,0,False,1.0
p05,reference,155,uncertainty,5,0,0,False,1.0
p05,reference,155,low_score,5,0,0,False,1.0
p05,reference,11,uncertainty,5,0,0,False,1.0
p05,reference,11,low_score,5,0,0,False,1.0
p05,reference,124,uncertainty,5,0,0,False,1.0
p05,reference,124,low_score,5,0,0,False,1.0
p05,reference,169,uncertainty,5,0,0,False,1.0
p05,reference,169,low_score,5,0,0,False,1.0
p05,reference,106,uncertainty,5,0,0,False,1.0
p05,reference,106,low_score,5,0,0,False,1.0
p05,reference,157,uncertainty,5,0,0,False,1.0
p05,reference,157,low_score,5,0,0,False,1.0
p05,reference,126,uncertainty,5,0,0,False,1.0
p05,reference,126,low_score,5,0,0,False,1.0
p05,reference,55,uncertainty,5,0,0,False,1.0
p05,reference,55,low_score,5,0,0,False,1.0
p05,reference,113,uncertainty,5,0,0,False,1.0
p05,reference,113,low_score,5,0,0,False,1.0
p05,reference,158,uncertainty,5,0,0,False,1.0
p05,reference,158,low_score,5,0,0,False,1.0
p05,reference,165,uncertainty,5,0,0,False,1.0
p05,reference,165,low_score,5,0,0,False,1.0
p05,reference,178,uncertainty,5,0,0,False,1.0
p05,reference,178,low_score,5,0,0,False,1.0
p05,reference,133,uncertainty,5,0,0,False,1.0
p05,reference,133,low_score,5,0,0,False,1.0
p05,reference,78,uncertainty,5,0,0,False,1.0
p05,reference,78,low_score,5,0,0,False,1.0
p05,reference,70,uncertainty,5,0,0,False,1.0
p05,reference,70,low_score,5,0,0,False,1.0
p05,reference,176,uncertainty,5,0,0,False,1.0
p05,reference,176,low_score,5,0,0,False,1.0
p05,reference,17,uncertainty,5,0,0,False,1.0
p05,reference,17,low_score,5,0,0,False,1.0
p05,reference,136,uncertainty,5,0,0,False,1.0
p05,reference,136,low_score,5,0,0,False,1.0
p05,reference,76,uncertainty,5,0,0,False,1.0
p05,reference,76,low_score,5,0,0,False,1.0
p05,reference,82,uncertainty,5,0,0,False,1.0
p05,reference,82,low_score,5,0,0,False,1.0
p05,reference,114,uncertainty,5,0,0,False,1.0
p05,reference,114,low_score,5,0,0,False,1.0
p05,reference,168,uncertainty,5,0,0,False,1.0
p05,reference,168,low_score,5,0,0,False,1.0
p05,reference,28,uncertainty,5,0,0,False,1.0
p05,reference,28,low_score,5,0,0,False,1.0
p05,reference,39,uncertainty,5,0,0,False,1.0
p05,reference,39,low_score,5,0,0,False,1.0
p05,reference,50,uncertainty,5,0,0,False,1.0
p05,reference,50,low_score,5,0,0,False,1.0
p05,reference,61,uncertainty,5,0,0,False,1.0
p05,reference,61,low_score,5,0,0,False,1.0
p05,reference,100,uncertainty,5,0,0,False,1.0
p05,reference,100,low_score,5,0,0,False,1.0
p05,reference,130,uncertainty,5,0,0,False,1.0
p05,reference,130,low_score,5,0,0,False,1.0
p05,reference,141,uncertainty,5,0,0,False,1.0
p05,reference,141,low_score,5,0,0,False,1.0
p05,reference,53,uncertainty,5,0,0,False,1.0
p05,reference,53,low_score,5,0,0,False,1.0
p05,reference,73,uncertainty,5,0,0,False,1.0
p05,reference,73,low_score,5,0,0,False,1.0
p05,reference,9,uncertainty,5,0,0,False,1.0
p05,reference,9,low_score,5,0,0,False,1.0
p05,reference,6,uncertainty,5,0,0,False,1.0
p05,reference,6,low_score,5,0,0,False,1.0
p05,reference,31,uncertainty,5,0,0,False,1.0
p05,reference,31,low_score,5,0,0,False,1.0
p05,reference,94,uncertainty,5,0,0,False,1.0
p05,reference,94,low_score,5,0,0,False,1.0
p05,reference,58,uncertainty,5,0,0,False,1.0
p05,reference,58,low_score,5,0,0,False,1.0
p05,reference,177,uncertainty,5,0,0,False,1.0
p05,reference,177,low_score,5,0,0,False,1.0
p05,reference,48,uncertainty,5,0,0,False,1.0
p05,reference,48,low_score,5,0,0,False,1.0
p05,reference,164,uncertainty,5,0,0,False,1.0
p05,reference,164,low_score,5,0,0,False,1.0
p05,reference,67,uncertainty,5,0,0,False,1.0
p05,reference,67,low_score,5,0,0,False,1.0
p05,reference,118,uncertainty,5,0,0,False,1.0
p05,reference,118,low_score,5,0,0,False,1.0
p05,reference,79,uncertainty,5,0,0,False,1.0
p05,reference,79,low_score,5,0,0,False,1.0
p05,reference,122,uncertainty,5,0,0,False,1.0
p05,reference,122,low_score,5,0,0,False,1.0
p05,reference,54,uncertainty,5,0,0,False,1.0
p05,reference,54,low_score,5,0,0,False,1.0
p05,reference,151,uncertainty,5,0,0,False,1.0
p05,reference,151,low_score,5,0,0,False,1.0
p05,reference,103,uncertainty,5,0,0,False,1.0
p05,reference,103,low_score,5,0,0,False,1.0
p05,reference,137,uncertainty,5,0,0,False,1.0
p05,reference,137,low_score,5,0,0,False,1.0
p05,reference,132,uncertainty,5,0,0,False,1.0
p05,reference,132,low_score,5,0,0,False,1.0
p05,reference,143,uncertainty,5,0,0,False,1.0
p05,reference,143,low_score,5,0,0,False,1.0
p05,reference,107,uncertainty,5,0,0,False,1.0
p05,reference,107,low_score,5,0,0,False,1.0
p05,reference,119,uncertainty,5,0,0,False,1.0
p05,reference,119,low_score,5,0,0,False,1.0
p05,reference,109,uncertainty,5,0,0,False,1.0
p05,reference,109,low_score,5,0,0,False,1.0
p05,reference,84,uncertainty,5,0,0,False,1.0
p05,reference,84,low_score,5,0,0,False,1.0
p05,reference,135,uncertainty,5,0,0,False,1.0
p05,reference,135,low_score,5,0,0,False,1.0
p05,reference,125,uncertainty,5,0,0,False,1.0
p05,reference,125,low_score,5,0,0,False,1.0
p05,reference,161,uncertainty,5,0,0,False,1.0
p05,reference,161,low_score,5,0,0,False,1.0
p05,reference,4,uncertainty,5,0,0,False,1.0
p05,reference,4,low_score,5,0,0,False,1.0
p05,reference,72,uncertainty,5,0,0,False,1.0
p05,reference,72,low_score,4,0,0,False,1.0
p05,reference,68,uncertainty,5,0,0,False,1.0
p05,reference,68,low_score,5,0,0,False,1.0
p05,reference,175,uncertainty,5,0,0,False,1.0
p05,reference,175,low_score,5,0,0,False,1.0
p05,reference,182,uncertainty,5,0,0,False,1.0
p05,reference,182,low_score,5,0,0,False,1.0
p05,reference,134,uncertainty,5,0,0,False,1.0
p05,reference,134,low_score,5,0,0,False,1.0
p05,reference,105,uncertainty,5,0,0,False,1.0
p05,reference,105,low_score,5,0,0,False,1.0
p05,reference,43,uncertainty,5,0,0,False,1.0
p05,reference,43,low_score,5,0,0,False,1.0
p05,reference,139,uncertainty,5,0,0,False,1.0
p05,reference,139,low_score,5,0,0,False,1.0
p05,reference,3,uncertainty,5,0,0,False,1.0
p05,reference,3,low_score,5,0,0,False,1.0
p05,reference,62,uncertainty,5,0,0,False,1.0
p05,reference,62,low_score,5,0,0,False,1.0
p05,reference,5,uncertainty,5,0,0,False,1.0
p05,reference,5,low_score,5,0,0,False,1.0
p05,reference,66,uncertainty,5,0,0,False,1.0
p05,reference,66,low_score,5,0,0,False,1.0
p05,reference,180,uncertainty,5,0,0,False,1.0
p05,reference,180,low_score,5,0,0,False,1.0
p05,reference,30,uncertainty,5,0,0,False,1.0
p05,reference,30,low_score,5,0,0,False,1.0
p05,reference,149,uncertainty,5,0,0,False,1.0
p05,reference,149,low_score,5,0,0,False,1.0
p05,reference,110,uncertainty,5,0,0,False,1.0
p05,reference,110,low_score,5,0,0,False,1.0
p05,reference,13,uncertainty,5,0,0,False,1.0
p05,reference,13,low_score,5,0,0,False,1.0
p05,reference,7,uncertainty,5,0,0,False,1.0
p05,reference,7,low_score,5,0,0,False,1.0
p05,reference,87,uncertainty,5,0,0,False,1.0
p05,reference,87,low_score,5,0,0,False,1.0
p05,reference,150,uncertainty,5,0,0,False,1.0
p05,reference,150,low_score,5,0,0,False,1.0
p05,reference,179,uncertainty,5,0,0,False,1.0
p05,reference,179,low_score,5,0,0,False,1.0
p05,reference,181,uncertainty,5,0,0,False,1.0
p05,reference,181,low_score,5,0,0,False,1.0
p05,reference,148,uncertainty,5,0,0,False,1.0
p05,reference,148,low_score,5,0,0,False,1.0
p05,reference,162,uncertainty,5,0,0,False,1.0
p05,reference,162,low_score,5,0,0,False,1.0
p05,reference,102,uncertainty,5,0,0,False,1.0
p05,reference,102,low_score,5,0,0,False,1.0
p05,reference,56,uncertainty,5,0,0,False,1.0
p05,reference,56,low_score,5,0,0,False,1.0
p05,reference,19,uncertainty,5,0,0,False,1.0
p05,reference,19,low_score,5,0,0,False,1.0
p05,reference,112,uncertainty,5,0,0,False,1.0
p05,reference,112,low_score,5,0,0,False,1.0
p05,reference,40,uncertainty,5,0,0,False,1.0
p05,reference,40,low_score,5,0,0,False,1.0
p05,reference,22,uncertainty,5,0,0,False,1.0
p05,reference,22,low_score,5,0,0,False,1.0
p05,reference,88,uncertainty,5,0,0,False,1.0
p05,reference,88,low_score,5,0,0,False,1.0
p05,reference,167,uncertainty,5,0,0,False,1.0
p05,reference,167,low_score,5,0,0,False,1.0
p05,reference,183,uncertainty,5,0,0,False,1.0
p05,reference,183,low_score,5,0,0,False,1.0
p05,reference,24,uncertainty,5,0,0,False,1.0
p05,reference,24,low_score,5,0,0,False,1.0
p05,reference,128,uncertainty,5,0,0,False,1.0
p05,reference,128,low_score,5,0,0,False,1.0
p05,reference,120,uncertainty,5,0,0,False,1.0
p05,reference,120,low_score,5,0,0,False,1.0
p05,reference,45,uncertainty,5,0,0,False,1.0
p05,reference,45,low_score,5,0,0,False,1.0
p05,reference,86,uncertainty,5,0,0,False,1.0
p05,reference,86,low_score,5,0,0,False,1.0
p05,reference,156,uncertainty,5,0,0,False,1.0
p05,reference,156,low_score,5,0,0,False,1.0
p05,reference,98,uncertainty,5,0,0,False,1.0
p05,reference,98,low_score,5,0,0,False,1.0
p05,reference,92,uncertainty,5,0,0,False,1.0
p05,reference,92,low_score,5,0,0,False,1.0
p05,reference,95,uncertainty,5,0,0,False,1.0
p05,reference,95,low_score,5,0,0,False,1.0
p05,reference,101,uncertainty,5,0,0,False,1.0
p05,reference,101,low_score,5,0,0,False,1.0
p05,reference,47,uncertainty,5,0,0,False,1.0
p05,reference,47,low_score,5,0,0,False,1.0
p05,reference,25,uncertainty,5,0,0,False,1.0
p05,reference,25,low_score,5,0,0,False,1.0
p05,reference,121,uncertainty,5,0,0,False,1.0
p05,reference,121,low_score,5,0,0,False,1.0
p05,reference,41,uncertainty,5,0,0,False,1.0
p05,reference,41,low_score,5,0,0,False,1.0
p05,reference,99,uncertainty,5,0,0,False,1.0
p05,reference,99,low_score,5,0,0,False,1.0
p05,reference,27,uncertainty,5,0,0,False,1.0
p05,reference,27,low_score,5,0,0,False,1.0
p05,reference,140,uncertainty,5,0,0,False,1.0
p05,reference,140,low_score,5,0,0,False,1.0
p05,reference,81,uncertainty,5,0,0,False,1.0
p05,reference,81,low_score,3,0,0,False,1.0
p05,reference,144,uncertainty,5,0,0,False,1.0
p05,reference,144,low_score,5,0,0,False,1.0
p05,reference,108,uncertainty,5,0,0,False,1.0
p05,reference,108,low_score,5,0,0,False,1.0
p05,reference,85,uncertainty,5,0,0,False,1.0
p05,reference,85,low_score,5,0,0,False,1.0
p05,reference,152,uncertainty,5,0,0,False,1.0
p05,reference,152,low_score,5,0,0,False,1.0
p05,reference,15,uncertainty,5,0,0,False,1.0
p05,reference,15,low_score,5,0,0,False,1.0
p05,reference,89,uncertainty,5,0,0,False,1.0
p05,reference,89,low_score,5,0,0,False,1.0
p05,reference,116,uncertainty,5,0,0,False,1.0
p05,reference,116,low_score,5,0,0,False,1.0
p05,reference,138,uncertainty,5,0,0,False,1.0
p05,reference,138,low_score,5,0,0,False,1.0
p05,reference,154,uncertainty,5,0,0,False,1.0
p05,reference,154,low_score,5,0,0,False,1.0
p05,reference,104,uncertainty,5,0,0,False,1.0
p05,reference,104,low_score,5,0,0,False,1.0
p05,reference,131,uncertainty,5,0,0,False,1.0
p05,reference,131,low_score,5,0,0,False,1.0
p05,reference,129,uncertainty,5,0,0,False,1.0
p05,reference,129,low_score,5,0,0,False,1.0
p05,reference,96,uncertainty,5,0,0,False,1.0
p05,reference,96,low_score,5,0,0,False,1.0
p05,reference,44,uncertainty,5,0,0,False,1.0
p05,reference,44,low_score,5,0,0,False,1.0
p05,reference,46,uncertainty,5,0,0,False,1.0
p05,reference,46,low_score,5,0,0,False,1.0
p05,complete_cohort,2,uncertainty,5,0,0,False,1.0
p05,complete_cohort,2,low_score,5,0,0,False,1.0
p05,complete_cohort,3,uncertainty,5,0,0,False,1.0
p05,complete_cohort,3,low_score,5,0,0,False,1.0
p05,complete_cohort,4,uncertainty,5,0,0,False,1.0
p05,complete_cohort,4,low_score,5,0,0,False,1.0
p05,complete_cohort,5,uncertainty,5,0,0,False,1.0
p05,complete_cohort,5,low_score,5,0,0,False,1.0
p05,complete_cohort,6,uncertainty,5,0,0,False,1.0
p05,complete_cohort,6,low_score,5,0,0,False,1.0
p05,complete_cohort,7,uncertainty,5,0,0,False,1.0
p05,complete_cohort,7,low_score,5,0,0,False,1.0
p05,complete_cohort,9,uncertainty,5,0,0,False,1.0
p05,complete_cohort,9,low_score,5,0,0,False,1.0
p05,complete_cohort,11,uncertainty,5,0,0,False,1.0
p05,complete_cohort,11,low_score,5,0,0,False,1.0
p05,complete_cohort,12,uncertainty,5,0,0,False,1.0
p05,complete_cohort,12,low_score,5,0,0,False,1.0
p05,complete_cohort,13,uncertainty,5,0,0,False,1.0
p05,complete_cohort,13,low_score,5,0,0,False,1.0
p05,complete_cohort,14,uncertainty,5,0,0,False,1.0
p05,complete_cohort,14,low_score,5,0,0,False,1.0
p05,complete_cohort,15,uncertainty,5,0,0,False,1.0
p05,complete_cohort,15,low_score,5,0,0,False,1.0
p05,complete_cohort,17,uncertainty,5,0,0,False,1.0
p05,complete_cohort,17,low_score,5,0,0,False,1.0
p05,complete_cohort,19,uncertainty,5,0,0,False,1.0
p05,complete_cohort,19,low_score,5,0,0,False,1.0
p05,complete_cohort,20,uncertainty,5,0,0,False,1.0
p05,complete_cohort,20,low_score,5,0,0,False,1.0
p05,complete_cohort,21,uncertainty,5,0,0,False,1.0
p05,complete_cohort,21,low_score,5,0,0,False,1.0
p05,complete_cohort,22,uncertainty,5,0,0,False,1.0
p05,complete_cohort,22,low_score,5,0,0,False,1.0
p05,complete_cohort,23,uncertainty,5,0,0,False,1.0
p05,complete_cohort,23,low_score,5,0,0,False,1.0
p05,complete_cohort,24,uncertainty,5,0,0,False,1.0
p05,complete_cohort,24,low_score,5,0,0,False,1.0
p05,complete_cohort,25,uncertainty,5,0,0,False,1.0
p05,complete_cohort,25,low_score,5,0,0,False,1.0
p05,complete_cohort,27,uncertainty,5,0,0,False,1.0
p05,complete_cohort,27,low_score,5,0,0,False,1.0
p05,complete_cohort,28,uncertainty,5,0,0,False,1.0
p05,complete_cohort,28,low_score,5,0,0,False,1.0
p05,complete_cohort,29,uncertainty,5,0,0,False,1.0
p05,complete_cohort,29,low_score,5,0,0,False,1.0
p05,complete_cohort,30,uncertainty,5,0,0,False,1.0
p05,complete_cohort,30,low_score,5,0,0,False,1.0
p05,complete_cohort,31,uncertainty,5,0,0,False,1.0
p05,complete_cohort,31,low_score,5,0,0,False,1.0
p05,complete_cohort,39,uncertainty,5,0,0,False,1.0
p05,complete_cohort,39,low_score,5,0,0,False,1.0
p05,complete_cohort,40,uncertainty,5,0,0,False,1.0
p05,complete_cohort,40,low_score,5,0,0,False,1.0
p05,complete_cohort,41,uncertainty,5,0,0,False,1.0
p05,complete_cohort,41,low_score,5,0,0,False,1.0
p05,complete_cohort,42,uncertainty,5,0,0,False,1.0
p05,complete_cohort,42,low_score,5,0,0,False,1.0
p05,complete_cohort,43,uncertainty,5,0,0,False,1.0
p05,complete_cohort,43,low_score,5,0,0,False,1.0
p05,complete_cohort,44,uncertainty,5,0,0,False,1.0
p05,complete_cohort,44,low_score,5,0,0,False,1.0
p05,complete_cohort,45,uncertainty,5,0,0,False,1.0
p05,complete_cohort,45,low_score,5,0,0,False,1.0
p05,complete_cohort,46,uncertainty,5,0,0,False,1.0
p05,complete_cohort,46,low_score,5,0,0,False,1.0
p05,complete_cohort,47,uncertainty,5,0,0,False,1.0
p05,complete_cohort,47,low_score,5,0,0,False,1.0
p05,complete_cohort,48,uncertainty,5,0,0,False,1.0
p05,complete_cohort,48,low_score,5,0,0,False,1.0
p05,complete_cohort,50,uncertainty,5,0,0,False,1.0
p05,complete_cohort,50,low_score,5,0,0,False,1.0
p05,complete_cohort,51,uncertainty,5,0,0,False,1.0
p05,complete_cohort,51,low_score,5,0,0,False,1.0
p05,complete_cohort,52,uncertainty,5,0,0,False,1.0
p05,complete_cohort,52,low_score,5,0,0,False,1.0
p05,complete_cohort,53,uncertainty,5,0,0,False,1.0
p05,complete_cohort,53,low_score,5,0,0,False,1.0
p05,complete_cohort,54,uncertainty,5,0,0,False,1.0
p05,complete_cohort,54,low_score,5,0,0,False,1.0
p05,complete_cohort,55,uncertainty,5,0,0,False,1.0
p05,complete_cohort,55,low_score,5,0,0,False,1.0
p05,complete_cohort,56,uncertainty,5,0,0,False,1.0
p05,complete_cohort,56,low_score,5,0,0,False,1.0
p05,complete_cohort,58,uncertainty,5,0,0,False,1.0
p05,complete_cohort,58,low_score,5,0,0,False,1.0
p05,complete_cohort,59,uncertainty,5,0,0,False,1.0
p05,complete_cohort,59,low_score,5,0,0,False,1.0
p05,complete_cohort,61,uncertainty,5,0,0,False,1.0
p05,complete_cohort,61,low_score,5,0,0,False,1.0
p05,complete_cohort,62,uncertainty,5,0,0,False,1.0
p05,complete_cohort,62,low_score,5,0,0,False,1.0
p05,complete_cohort,63,uncertainty,5,0,0,False,1.0
p05,complete_cohort,63,low_score,5,0,0,False,1.0
p05,complete_cohort,64,uncertainty,5,0,0,False,1.0
p05,complete_cohort,64,low_score,5,0,0,False,1.0
p05,complete_cohort,66,uncertainty,5,0,0,False,1.0
p05,complete_cohort,66,low_score,5,0,0,False,1.0
p05,complete_cohort,67,uncertainty,5,0,0,False,1.0
p05,complete_cohort,67,low_score,5,0,0,False,1.0
p05,complete_cohort,68,uncertainty,5,0,0,False,1.0
p05,complete_cohort,68,low_score,5,0,0,False,1.0
p05,complete_cohort,70,uncertainty,5,0,0,False,1.0
p05,complete_cohort,70,low_score,5,0,0,False,1.0
p05,complete_cohort,71,uncertainty,5,0,0,False,1.0
p05,complete_cohort,71,low_score,5,0,0,False,1.0
p05,complete_cohort,72,uncertainty,5,0,0,False,1.0
p05,complete_cohort,72,low_score,4,0,0,False,1.0
p05,complete_cohort,73,uncertainty,5,0,0,False,1.0
p05,complete_cohort,73,low_score,5,0,0,False,1.0
p05,complete_cohort,74,uncertainty,5,0,0,False,1.0
p05,complete_cohort,74,low_score,5,0,0,False,1.0
p05,complete_cohort,76,uncertainty,5,0,0,False,1.0
p05,complete_cohort,76,low_score,5,0,0,False,1.0
p05,complete_cohort,77,uncertainty,5,0,0,False,1.0
p05,complete_cohort,77,low_score,5,0,0,False,1.0
p05,complete_cohort,78,uncertainty,5,0,0,False,1.0
p05,complete_cohort,78,low_score,5,0,0,False,1.0
p05,complete_cohort,79,uncertainty,5,0,0,False,1.0
p05,complete_cohort,79,low_score,5,0,0,False,1.0
p05,complete_cohort,80,uncertainty,5,0,0,False,1.0
p05,complete_cohort,80,low_score,5,0,0,False,1.0
p05,complete_cohort,81,uncertainty,5,0,0,False,1.0
p05,complete_cohort,81,low_score,3,0,0,False,1.0
p05,complete_cohort,82,uncertainty,5,0,0,False,1.0
p05,complete_cohort,82,low_score,5,0,0,False,1.0
p05,complete_cohort,83,uncertainty,5,0,0,False,1.0
p05,complete_cohort,83,low_score,5,0,0,False,1.0
p05,complete_cohort,84,uncertainty,5,0,0,False,1.0
p05,complete_cohort,84,low_score,5,0,0,False,1.0
p05,complete_cohort,85,uncertainty,5,0,0,False,1.0
p05,complete_cohort,85,low_score,5,0,0,False,1.0
p05,complete_cohort,86,uncertainty,5,0,0,False,1.0
p05,complete_cohort,86,low_score,5,0,0,False,1.0
p05,complete_cohort,87,uncertainty,5,0,0,False,1.0
p05,complete_cohort,87,low_score,5,0,0,False,1.0
p05,complete_cohort,88,uncertainty,5,0,0,False,1.0
p05,complete_cohort,88,low_score,5,0,0,False,1.0
p05,complete_cohort,89,uncertainty,5,0,0,False,1.0
p05,complete_cohort,89,low_score,5,0,0,False,1.0
p05,complete_cohort,90,uncertainty,5,0,0,False,1.0
p05,complete_cohort,90,low_score,5,0,0,False,1.0
p05,complete_cohort,91,uncertainty,5,0,0,False,1.0
p05,complete_cohort,91,low_score,5,0,0,False,1.0
p05,complete_cohort,92,uncertainty,5,0,0,False,1.0
p05,complete_cohort,92,low_score,5,0,0,False,1.0
p05,complete_cohort,93,uncertainty,5,0,0,False,1.0
p05,complete_cohort,93,low_score,5,0,0,False,1.0
p05,complete_cohort,94,uncertainty,5,0,0,False,1.0
p05,complete_cohort,94,low_score,5,0,0,False,1.0
p05,complete_cohort,95,uncertainty,5,0,0,False,1.0
p05,complete_cohort,95,low_score,5,0,0,False,1.0
p05,complete_cohort,96,uncertainty,5,0,0,False,1.0
p05,complete_cohort,96,low_score,5,0,0,False,1.0
p05,complete_cohort,97,uncertainty,5,0,0,False,1.0
p05,complete_cohort,97,low_score,5,0,0,False,1.0
p05,complete_cohort,98,uncertainty,5,0,0,False,1.0
p05,complete_cohort,98,low_score,5,0,0,False,1.0
p05,complete_cohort,99,uncertainty,5,0,0,False,1.0
p05,complete_cohort,99,low_score,5,0,0,False,1.0
p05,complete_cohort,100,uncertainty,5,0,0,False,1.0
p05,complete_cohort,100,low_score,5,0,0,False,1.0
p05,complete_cohort,101,uncertainty,5,0,0,False,1.0
p05,complete_cohort,101,low_score,5,0,0,False,1.0
p05,complete_cohort,102,uncertainty,5,0,0,False,1.0
p05,complete_cohort,102,low_score,5,0,0,False,1.0
p05,complete_cohort,103,uncertainty,5,0,0,False,1.0
p05,complete_cohort,103,low_score,5,0,0,False,1.0
p05,complete_cohort,104,uncertainty,5,0,0,False,1.0
p05,complete_cohort,104,low_score,5,0,0,False,1.0
p05,complete_cohort,105,uncertainty,5,0,0,False,1.0
p05,complete_cohort,105,low_score,5,0,0,False,1.0
p05,complete_cohort,106,uncertainty,5,0,0,False,1.0
p05,complete_cohort,106,low_score,5,0,0,False,1.0
p05,complete_cohort,107,uncertainty,5,0,0,False,1.0
p05,complete_cohort,107,low_score,5,0,0,False,1.0
p05,complete_cohort,108,uncertainty,5,0,0,False,1.0
p05,complete_cohort,108,low_score,5,0,0,False,1.0
p05,complete_cohort,109,uncertainty,5,0,0,False,1.0
p05,complete_cohort,109,low_score,5,0,0,False,1.0
p05,complete_cohort,110,uncertainty,5,0,0,False,1.0
p05,complete_cohort,110,low_score,5,0,0,False,1.0
p05,complete_cohort,111,uncertainty,5,0,0,False,1.0
p05,complete_cohort,111,low_score,5,0,0,False,1.0
p05,complete_cohort,112,uncertainty,5,0,0,False,1.0
p05,complete_cohort,112,low_score,5,0,0,False,1.0
p05,complete_cohort,113,uncertainty,5,0,0,False,1.0
p05,complete_cohort,113,low_score,5,0,0,False,1.0
p05,complete_cohort,114,uncertainty,5,0,0,False,1.0
p05,complete_cohort,114,low_score,5,0,0,False,1.0
p05,complete_cohort,115,uncertainty,5,0,0,False,1.0
p05,complete_cohort,115,low_score,5,0,0,False,1.0
p05,complete_cohort,116,uncertainty,5,0,0,False,1.0
p05,complete_cohort,116,low_score,5,0,0,False,1.0
p05,complete_cohort,117,uncertainty,5,0,0,False,1.0
p05,complete_cohort,117,low_score,5,0,0,False,1.0
p05,complete_cohort,118,uncertainty,5,0,0,False,1.0
p05,complete_cohort,118,low_score,5,0,0,False,1.0
p05,complete_cohort,119,uncertainty,5,0,0,False,1.0
p05,complete_cohort,119,low_score,5,0,0,False,1.0
p05,complete_cohort,120,uncertainty,5,0,0,False,1.0
p05,complete_cohort,120,low_score,5,0,0,False,1.0
p05,complete_cohort,121,uncertainty,5,0,0,False,1.0
p05,complete_cohort,121,low_score,5,0,0,False,1.0
p05,complete_cohort,122,uncertainty,5,0,0,False,1.0
p05,complete_cohort,122,low_score,5,0,0,False,1.0
p05,complete_cohort,123,uncertainty,5,0,0,False,1.0
p05,complete_cohort,123,low_score,5,0,0,False,1.0
p05,complete_cohort,124,uncertainty,5,0,0,False,1.0
p05,complete_cohort,124,low_score,5,0,0,False,1.0
p05,complete_cohort,125,uncertainty,5,0,0,False,1.0
p05,complete_cohort,125,low_score,5,0,0,False,1.0
p05,complete_cohort,126,uncertainty,5,0,0,False,1.0
p05,complete_cohort,126,low_score,5,0,0,False,1.0
p05,complete_cohort,127,uncertainty,5,0,0,False,1.0
p05,complete_cohort,127,low_score,5,0,0,False,1.0
p05,complete_cohort,128,uncertainty,5,0,0,False,1.0
p05,complete_cohort,128,low_score,5,0,0,False,1.0
p05,complete_cohort,129,uncertainty,5,0,0,False,1.0
p05,complete_cohort,129,low_score,5,0,0,False,1.0
p05,complete_cohort,130,uncertainty,5,0,0,False,1.0
p05,complete_cohort,130,low_score,5,0,0,False,1.0
p05,complete_cohort,131,uncertainty,5,0,0,False,1.0
p05,complete_cohort,131,low_score,5,0,0,False,1.0
p05,complete_cohort,132,uncertainty,5,0,0,False,1.0
p05,complete_cohort,132,low_score,5,0,0,False,1.0
p05,complete_cohort,133,uncertainty,5,0,0,False,1.0
p05,complete_cohort,133,low_score,5,0,0,False,1.0
p05,complete_cohort,134,uncertainty,5,0,0,False,1.0
p05,complete_cohort,134,low_score,5,0,0,False,1.0
p05,complete_cohort,135,uncertainty,5,0,0,False,1.0
p05,complete_cohort,135,low_score,5,0,0,False,1.0
p05,complete_cohort,136,uncertainty,5,0,0,False,1.0
p05,complete_cohort,136,low_score,5,0,0,False,1.0
p05,complete_cohort,137,uncertainty,5,0,0,False,1.0
p05,complete_cohort,137,low_score,5,0,0,False,1.0
p05,complete_cohort,138,uncertainty,5,0,0,False,1.0
p05,complete_cohort,138,low_score,5,0,0,False,1.0
p05,complete_cohort,139,uncertainty,5,0,0,False,1.0
p05,complete_cohort,139,low_score,5,0,0,False,1.0
p05,complete_cohort,140,uncertainty,5,0,0,False,1.0
p05,complete_cohort,140,low_score,5,0,0,False,1.0
p05,complete_cohort,141,uncertainty,5,0,0,False,1.0
p05,complete_cohort,141,low_score,5,0,0,False,1.0
p05,complete_cohort,142,uncertainty,5,0,0,False,1.0
p05,complete_cohort,142,low_score,5,0,0,False,1.0
p05,complete_cohort,143,uncertainty,5,0,0,False,1.0
p05,complete_cohort,143,low_score,5,0,0,False,1.0
p05,complete_cohort,144,uncertainty,5,0,0,False,1.0
p05,complete_cohort,144,low_score,5,0,0,False,1.0
p05,complete_cohort,147,uncertainty,5,0,0,False,1.0
p05,complete_cohort,147,low_score,5,0,0,False,1.0
p05,complete_cohort,148,uncertainty,5,0,0,False,1.0
p05,complete_cohort,148,low_score,5,0,0,False,1.0
p05,complete_cohort,149,uncertainty,5,0,0,False,1.0
p05,complete_cohort,149,low_score,5,0,0,False,1.0
p05,complete_cohort,150,uncertainty,5,0,0,False,1.0
p05,complete_cohort,150,low_score,5,0,0,False,1.0
p05,complete_cohort,151,uncertainty,5,0,0,False,1.0
p05,complete_cohort,151,low_score,5,0,0,False,1.0
p05,complete_cohort,152,uncertainty,5,0,0,False,1.0
p05,complete_cohort,152,low_score,5,0,0,False,1.0
p05,complete_cohort,153,uncertainty,5,0,0,False,1.0
p05,complete_cohort,153,low_score,5,0,0,False,1.0
p05,complete_cohort,154,uncertainty,5,0,0,False,1.0
p05,complete_cohort,154,low_score,5,0,0,False,1.0
p05,complete_cohort,155,uncertainty,5,0,0,False,1.0
p05,complete_cohort,155,low_score,5,0,0,False,1.0
p05,complete_cohort,156,uncertainty,5,0,0,False,1.0
p05,complete_cohort,156,low_score,5,0,0,False,1.0
p05,complete_cohort,157,uncertainty,5,0,0,False,1.0
p05,complete_cohort,157,low_score,5,0,0,False,1.0
p05,complete_cohort,158,uncertainty,5,0,0,False,1.0
p05,complete_cohort,158,low_score,5,0,0,False,1.0
p05,complete_cohort,159,uncertainty,5,0,0,False,1.0
p05,complete_cohort,159,low_score,5,0,0,False,1.0
p05,complete_cohort,160,uncertainty,5,0,0,False,1.0
p05,complete_cohort,160,low_score,5,0,0,False,1.0
p05,complete_cohort,161,uncertainty,5,0,0,False,1.0
p05,complete_cohort,161,low_score,5,0,0,False,1.0
p05,complete_cohort,162,uncertainty,5,0,0,False,1.0
p05,complete_cohort,162,low_score,5,0,0,False,1.0
p05,complete_cohort,163,uncertainty,5,0,0,False,1.0
p05,complete_cohort,163,low_score,5,0,0,False,1.0
p05,complete_cohort,164,uncertainty,5,0,0,False,1.0
p05,complete_cohort,164,low_score,5,0,0,False,1.0
p05,complete_cohort,165,uncertainty,5,0,0,False,1.0
p05,complete_cohort,165,low_score,5,0,0,False,1.0
p05,complete_cohort,166,uncertainty,5,0,0,False,1.0
p05,complete_cohort,166,low_score,5,0,0,False,1.0
p05,complete_cohort,167,uncertainty,5,0,0,False,1.0
p05,complete_cohort,167,low_score,5,0,0,False,1.0
p05,complete_cohort,168,uncertainty,5,0,0,False,1.0
p05,complete_cohort,168,low_score,5,0,0,False,1.0
p05,complete_cohort,169,uncertainty,5,0,0,False,1.0
p05,complete_cohort,169,low_score,5,0,0,False,1.0
p05,complete_cohort,170,uncertainty,5,0,0,False,1.0
p05,complete_cohort,170,low_score,5,0,0,False,1.0
p05,complete_cohort,172,uncertainty,5,0,0,False,1.0
p05,complete_cohort,172,low_score,5,0,0,False,1.0
p05,complete_cohort,174,uncertainty,5,0,0,False,1.0
p05,complete_cohort,174,low_score,5,0,0,False,1.0
p05,complete_cohort,175,uncertainty,5,0,0,False,1.0
p05,complete_cohort,175,low_score,5,0,0,False,1.0
p05,complete_cohort,176,uncertainty,5,0,0,False,1.0
p05,complete_cohort,176,low_score,5,0,0,False,1.0
p05,complete_cohort,177,uncertainty,5,0,0,False,1.0
p05,complete_cohort,177,low_score,5,0,0,False,1.0
p05,complete_cohort,178,uncertainty,5,0,0,False,1.0
p05,complete_cohort,178,low_score,5,0,0,False,1.0
p05,complete_cohort,179,uncertainty,5,0,0,False,1.0
p05,complete_cohort,179,low_score,5,0,0,False,1.0
p05,complete_cohort,180,uncertainty,5,0,0,False,1.0
p05,complete_cohort,180,low_score,5,0,0,False,1.0
p05,complete_cohort,181,uncertainty,5,0,0,False,1.0
p05,complete_cohort,181,low_score,5,0,0,False,1.0
p05,complete_cohort,182,uncertainty,5,0,0,False,1.0
p05,complete_cohort,182,low_score,5,0,0,False,1.0
p05,complete_cohort,183,uncertainty,5,0,0,False,1.0
p05,complete_cohort,183,low_score,5,0,0,False,1.0
p10,demonstration,1,uncertainty,5,0,0,False,1.0
p10,demonstration,1,low_score,5,0,0,False,1.0
p10,demonstration,2,uncertainty,5,0,0,False,1.0
p10,demonstration,2,low_score,5,0,0,False,1.0
p10,demonstration,3,uncertainty,5,0,0,False,1.0
p10,demonstration,3,low_score,5,0,0,False,1.0
p10,demonstration,4,uncertainty,5,0,0,False,1.0
p10,demonstration,4,low_score,5,0,0,False,1.0
p10,demonstration,5,uncertainty,5,0,0,False,1.0
p10,demonstration,5,low_score,5,0,0,False,1.0
p10,demonstration,6,uncertainty,5,0,0,False,1.0
p10,demonstration,6,low_score,5,0,0,False,1.0
p10,demonstration,7,uncertainty,5,0,0,False,1.0
p10,demonstration,7,low_score,5,0,0,False,1.0
p10,demonstration,8,uncertainty,5,0,0,False,1.0
p10,demonstration,8,low_score,5,0,0,False,1.0
p10,demonstration,9,uncertainty,5,0,0,False,1.0
p10,demonstration,9,low_score,5,0,0,False,1.0
p10,demonstration,10,uncertainty,5,0,0,False,1.0
p10,demonstration,10,low_score,5,0,0,False,1.0
p10,reference,159,uncertainty,5,0,0,False,1.0
p10,reference,159,low_score,5,0,0,False,1.0
p10,reference,42,uncertainty,5,0,0,False,1.0
p10,reference,42,low_score,5,0,0,False,1.0
p10,reference,64,uncertainty,5,0,0,False,1.0
p10,reference,64,low_score,5,0,0,False,1.0
p10,reference,12,uncertainty,5,0,0,False,1.0
p10,reference,12,low_score,5,0,0,False,1.0
p10,reference,160,uncertainty,5,0,0,False,1.0
p10,reference,160,low_score,5,0,0,False,1.0
p10,reference,155,uncertainty,5,0,0,False,1.0
p10,reference,155,low_score,5,0,0,False,1.0
p10,reference,11,uncertainty,5,0,0,False,1.0
p10,reference,11,low_score,5,0,0,False,1.0
p10,reference,124,uncertainty,5,0,0,False,1.0
p10,reference,124,low_score,5,0,0,False,1.0
p10,reference,169,uncertainty,5,0,0,False,1.0
p10,reference,169,low_score,5,0,0,False,1.0
p10,reference,106,uncertainty,5,0,0,False,1.0
p10,reference,106,low_score,5,0,0,False,1.0
p10,reference,157,uncertainty,5,0,0,False,1.0
p10,reference,157,low_score,5,0,0,False,1.0
p10,reference,126,uncertainty,5,0,0,False,1.0
p10,reference,126,low_score,5,0,0,False,1.0
p10,reference,55,uncertainty,5,0,0,False,1.0
p10,reference,55,low_score,5,0,0,False,1.0
p10,reference,113,uncertainty,5,0,0,False,1.0
p10,reference,113,low_score,5,0,0,False,1.0
p10,reference,158,uncertainty,5,0,0,False,1.0
p10,reference,158,low_score,5,0,0,False,1.0
p10,reference,165,uncertainty,5,0,0,False,1.0
p10,reference,165,low_score,5,0,0,False,1.0
p10,reference,178,uncertainty,5,0,0,False,1.0
p10,reference,178,low_score,5,0,0,False,1.0
p10,reference,133,uncertainty,5,0,0,False,1.0
p10,reference,133,low_score,5,0,0,False,1.0
p10,reference,78,uncertainty,5,0,0,False,1.0
p10,reference,78,low_score,5,0,0,False,1.0
p10,reference,70,uncertainty,5,0,0,False,1.0
p10,reference,70,low_score,5,0,0,False,1.0
p10,reference,176,uncertainty,5,0,0,False,1.0
p10,reference,176,low_score,5,0,0,False,1.0
p10,reference,17,uncertainty,5,0,0,False,1.0
p10,reference,17,low_score,5,0,0,False,1.0
p10,reference,136,uncertainty,5,0,0,False,1.0
p10,reference,136,low_score,5,0,0,False,1.0
p10,reference,76,uncertainty,5,0,0,False,1.0
p10,reference,76,low_score,5,0,0,False,1.0
p10,reference,82,uncertainty,5,0,0,False,1.0
p10,reference,82,low_score,5,0,0,False,1.0
p10,reference,114,uncertainty,5,0,0,False,1.0
p10,reference,114,low_score,5,0,0,False,1.0
p10,reference,168,uncertainty,5,0,0,False,1.0
p10,reference,168,low_score,5,0,0,False,1.0
p10,reference,28,uncertainty,5,0,0,False,1.0
p10,reference,28,low_score,5,0,0,False,1.0
p10,reference,39,uncertainty,5,0,0,False,1.0
p10,reference,39,low_score,5,0,0,False,1.0
p10,reference,50,uncertainty,5,0,0,False,1.0
p10,reference,50,low_score,5,0,0,False,1.0
p10,reference,61,uncertainty,5,0,0,False,1.0
p10,reference,61,low_score,5,0,0,False,1.0
p10,reference,100,uncertainty,5,0,0,False,1.0
p10,reference,100,low_score,5,0,0,False,1.0
p10,reference,130,uncertainty,5,0,0,False,1.0
p10,reference,130,low_score,5,0,0,False,1.0
p10,reference,141,uncertainty,5,0,0,False,1.0
p10,reference,141,low_score,5,0,0,False,1.0
p10,reference,53,uncertainty,5,0,0,False,1.0
p10,reference,53,low_score,5,0,0,False,1.0
p10,reference,73,uncertainty,5,0,0,False,1.0
p10,reference,73,low_score,5,0,0,False,1.0
p10,reference,9,uncertainty,5,0,0,False,1.0
p10,reference,9,low_score,5,0,0,False,1.0
p10,reference,6,uncertainty,5,0,0,False,1.0
p10,reference,6,low_score,5,0,0,False,1.0
p10,reference,31,uncertainty,5,0,0,False,1.0
p10,reference,31,low_score,5,0,0,False,1.0
p10,reference,94,uncertainty,5,0,0,False,1.0
p10,reference,94,low_score,5,0,0,False,1.0
p10,reference,58,uncertainty,5,0,0,False,1.0
p10,reference,58,low_score,5,0,0,False,1.0
p10,reference,177,uncertainty,5,0,0,False,1.0
p10,reference,177,low_score,5,0,0,False,1.0
p10,reference,48,uncertainty,5,0,0,False,1.0
p10,reference,48,low_score,5,0,0,False,1.0
p10,reference,164,uncertainty,5,0,0,False,1.0
p10,reference,164,low_score,5,0,0,False,1.0
p10,reference,67,uncertainty,5,0,0,False,1.0
p10,reference,67,low_score,5,0,0,False,1.0
p10,reference,118,uncertainty,5,0,0,False,1.0
p10,reference,118,low_score,5,0,0,False,1.0
p10,reference,79,uncertainty,5,0,0,False,1.0
p10,reference,79,low_score,5,0,0,False,1.0
p10,reference,122,uncertainty,5,0,0,False,1.0
p10,reference,122,low_score,5,0,0,False,1.0
p10,reference,54,uncertainty,5,0,0,False,1.0
p10,reference,54,low_score,5,0,0,False,1.0
p10,reference,151,uncertainty,5,0,0,False,1.0
p10,reference,151,low_score,5,0,0,False,1.0
p10,reference,103,uncertainty,5,0,0,False,1.0
p10,reference,103,low_score,5,0,0,False,1.0
p10,reference,137,uncertainty,5,0,0,False,1.0
p10,reference,137,low_score,5,0,0,False,1.0
p10,reference,132,uncertainty,5,0,0,False,1.0
p10,reference,132,low_score,5,0,0,False,1.0
p10,reference,143,uncertainty,5,0,0,False,1.0
p10,reference,143,low_score,5,0,0,False,1.0
p10,reference,107,uncertainty,5,0,0,False,1.0
p10,reference,107,low_score,5,0,0,False,1.0
p10,reference,119,uncertainty,5,0,0,False,1.0
p10,reference,119,low_score,5,0,0,False,1.0
p10,reference,109,uncertainty,5,0,0,False,1.0
p10,reference,109,low_score,5,0,0,False,1.0
p10,reference,84,uncertainty,5,0,0,False,1.0
p10,reference,84,low_score,5,0,0,False,1.0
p10,reference,135,uncertainty,5,0,0,False,1.0
p10,reference,135,low_score,5,0,0,False,1.0
p10,reference,125,uncertainty,5,0,0,False,1.0
p10,reference,125,low_score,5,0,0,False,1.0
p10,reference,161,uncertainty,5,0,0,False,1.0
p10,reference,161,low_score,5,0,0,False,1.0
p10,reference,4,uncertainty,5,0,0,False,1.0
p10,reference,4,low_score,5,0,0,False,1.0
p10,reference,72,uncertainty,5,0,0,False,1.0
p10,reference,72,low_score,4,0,0,False,1.0
p10,reference,68,uncertainty,5,0,0,False,1.0
p10,reference,68,low_score,5,0,0,False,1.0
p10,reference,175,uncertainty,5,0,0,False,1.0
p10,reference,175,low_score,5,0,0,False,1.0
p10,reference,182,uncertainty,5,0,0,False,1.0
p10,reference,182,low_score,5,0,0,False,1.0
p10,reference,134,uncertainty,5,0,0,False,1.0
p10,reference,134,low_score,5,0,0,False,1.0
p10,reference,105,uncertainty,5,0,0,False,1.0
p10,reference,105,low_score,5,0,0,False,1.0
p10,reference,43,uncertainty,5,0,0,False,1.0
p10,reference,43,low_score,5,0,0,False,1.0
p10,reference,139,uncertainty,5,0,0,False,1.0
p10,reference,139,low_score,5,0,0,False,1.0
p10,reference,3,uncertainty,5,0,0,False,1.0
p10,reference,3,low_score,5,0,0,False,1.0
p10,reference,62,uncertainty,5,0,0,False,1.0
p10,reference,62,low_score,5,0,0,False,1.0
p10,reference,5,uncertainty,5,0,0,False,1.0
p10,reference,5,low_score,5,0,0,False,1.0
p10,reference,66,uncertainty,5,0,0,False,1.0
p10,reference,66,low_score,5,0,0,False,1.0
p10,reference,180,uncertainty,5,0,0,False,1.0
p10,reference,180,low_score,5,0,0,False,1.0
p10,reference,30,uncertainty,5,0,0,False,1.0
p10,reference,30,low_score,5,0,0,False,1.0
p10,reference,149,uncertainty,5,0,0,False,1.0
p10,reference,149,low_score,5,0,0,False,1.0
p10,reference,110,uncertainty,5,0,0,False,1.0
p10,reference,110,low_score,5,0,0,False,1.0
p10,reference,13,uncertainty,5,0,0,False,1.0
p10,reference,13,low_score,5,0,0,False,1.0
p10,reference,7,uncertainty,5,0,0,False,1.0
p10,reference,7,low_score,5,0,0,False,1.0
p10,reference,87,uncertainty,5,0,0,False,1.0
p10,reference,87,low_score,5,0,0,False,1.0
p10,reference,150,uncertainty,5,0,0,False,1.0
p10,reference,150,low_score,5,0,0,False,1.0
p10,reference,179,uncertainty,5,0,0,False,1.0
p10,reference,179,low_score,5,0,0,False,1.0
p10,reference,181,uncertainty,5,0,0,False,1.0
p10,reference,181,low_score,5,0,0,False,1.0
p10,reference,148,uncertainty,5,0,0,False,1.0
p10,reference,148,low_score,5,0,0,False,1.0
p10,reference,162,uncertainty,5,0,0,False,1.0
p10,reference,162,low_score,5,0,0,False,1.0
p10,reference,102,uncertainty,5,0,0,False,1.0
p10,reference,102,low_score,5,0,0,False,1.0
p10,reference,56,uncertainty,5,0,0,False,1.0
p10,reference,56,low_score,5,0,0,False,1.0
p10,reference,19,uncertainty,5,0,0,False,1.0
p10,reference,19,low_score,5,0,0,False,1.0
p10,reference,112,uncertainty,5,0,0,False,1.0
p10,reference,112,low_score,5,0,0,False,1.0
p10,reference,40,uncertainty,5,0,0,False,1.0
p10,reference,40,low_score,5,0,0,False,1.0
p10,reference,22,uncertainty,5,0,0,False,1.0
p10,reference,22,low_score,5,0,0,False,1.0
p10,reference,88,uncertainty,5,0,0,False,1.0
p10,reference,88,low_score,5,0,0,False,1.0
p10,reference,167,uncertainty,5,0,0,False,1.0
p10,reference,167,low_score,5,0,0,False,1.0
p10,reference,183,uncertainty,5,0,0,False,1.0
p10,reference,183,low_score,5,0,0,False,1.0
p10,reference,24,uncertainty,5,0,0,False,1.0
p10,reference,24,low_score,5,0,0,False,1.0
p10,reference,128,uncertainty,5,0,0,False,1.0
p10,reference,128,low_score,5,0,0,False,1.0
p10,reference,120,uncertainty,5,0,0,False,1.0
p10,reference,120,low_score,5,0,0,False,1.0
p10,reference,45,uncertainty,5,0,0,False,1.0
p10,reference,45,low_score,5,0,0,False,1.0
p10,reference,86,uncertainty,5,0,0,False,1.0
p10,reference,86,low_score,5,0,0,False,1.0
p10,reference,156,uncertainty,5,0,0,False,1.0
p10,reference,156,low_score,5,0,0,False,1.0
p10,reference,98,uncertainty,5,0,0,False,1.0
p10,reference,98,low_score,5,0,0,False,1.0
p10,reference,92,uncertainty,5,0,0,False,1.0
p10,reference,92,low_score,5,0,0,False,1.0
p10,reference,95,uncertainty,5,0,0,False,1.0
p10,reference,95,low_score,5,0,0,False,1.0
p10,reference,101,uncertainty,5,0,0,False,1.0
p10,reference,101,low_score,5,0,0,False,1.0
p10,reference,47,uncertainty,5,0,0,False,1.0
p10,reference,47,low_score,5,0,0,False,1.0
p10,reference,25,uncertainty,5,0,0,False,1.0
p10,reference,25,low_score,5,0,0,False,1.0
p10,reference,121,uncertainty,5,0,0,False,1.0
p10,reference,121,low_score,5,0,0,False,1.0
p10,reference,41,uncertainty,5,0,0,False,1.0
p10,reference,41,low_score,5,0,0,False,1.0
p10,reference,99,uncertainty,5,0,0,False,1.0
p10,reference,99,low_score,5,0,0,False,1.0
p10,reference,27,uncertainty,5,0,0,False,1.0
p10,reference,27,low_score,5,0,0,False,1.0
p10,reference,140,uncertainty,5,0,0,False,1.0
p10,reference,140,low_score,5,0,0,False,1.0
p10,reference,81,uncertainty,5,0,0,False,1.0
p10,reference,81,low_score,3,0,0,False,1.0
p10,reference,144,uncertainty,5,0,0,False,1.0
p10,reference,144,low_score,5,0,0,False,1.0
p10,reference,108,uncertainty,5,0,0,False,1.0
p10,reference,108,low_score,5,0,0,False,1.0
p10,reference,85,uncertainty,5,0,0,False,1.0
p10,reference,85,low_score,5,0,0,False,1.0
p10,reference,152,uncertainty,5,0,0,False,1.0
p10,reference,152,low_score,5,0,0,False,1.0
p10,reference,15,uncertainty,5,0,0,False,1.0
p10,reference,15,low_score,5,0,0,False,1.0
p10,reference,89,uncertainty,5,0,0,False,1.0
p10,reference,89,low_score,5,0,0,False,1.0
p10,reference,116,uncertainty,5,0,0,False,1.0
p10,reference,116,low_score,5,0,0,False,1.0
p10,reference,138,uncertainty,5,0,0,False,1.0
p10,reference,138,low_score,5,0,0,False,1.0
p10,reference,154,uncertainty,5,0,0,False,1.0
p10,reference,154,low_score,5,0,0,False,1.0
p10,reference,104,uncertainty,5,0,0,False,1.0
p10,reference,104,low_score,5,0,0,False,1.0
p10,reference,131,uncertainty,5,0,0,False,1.0
p10,reference,131,low_score,5,0,0,False,1.0
p10,reference,129,uncertainty,5,0,0,False,1.0
p10,reference,129,low_score,5,0,0,False,1.0
p10,reference,96,uncertainty,5,0,0,False,1.0
p10,reference,96,low_score,5,0,0,False,1.0
p10,reference,44,uncertainty,5,0,0,False,1.0
p10,reference,44,low_score,5,0,0,False,1.0
p10,reference,46,uncertainty,5,0,0,False,1.0
p10,reference,46,low_score,5,0,0,False,1.0
p10,complete_cohort,2,uncertainty,5,0,0,False,1.0
p10,complete_cohort,2,low_score,5,0,0,False,1.0
p10,complete_cohort,3,uncertainty,5,0,0,False,1.0
p10,complete_cohort,3,low_score,5,0,0,False,1.0
p10,complete_cohort,4,uncertainty,5,0,0,False,1.0
p10,complete_cohort,4,low_score,5,0,0,False,1.0
p10,complete_cohort,5,uncertainty,5,0,0,False,1.0
p10,complete_cohort,5,low_score,5,0,0,False,1.0
p10,complete_cohort,6,uncertainty,5,0,0,False,1.0
p10,complete_cohort,6,low_score,5,0,0,False,1.0
p10,complete_cohort,7,uncertainty,5,0,0,False,1.0
p10,complete_cohort,7,low_score,5,0,0,False,1.0
p10,complete_cohort,9,uncertainty,5,0,0,False,1.0
p10,complete_cohort,9,low_score,5,0,0,False,1.0
p10,complete_cohort,11,uncertainty,5,0,0,False,1.0
p10,complete_cohort,11,low_score,5,0,0,False,1.0
p10,complete_cohort,12,uncertainty,5,0,0,False,1.0
p10,complete_cohort,12,low_score,5,0,0,False,1.0
p10,complete_cohort,13,uncertainty,5,0,0,False,1.0
p10,complete_cohort,13,low_score,5,0,0,False,1.0
p10,complete_cohort,14,uncertainty,5,0,0,False,1.0
p10,complete_cohort,14,low_score,5,0,0,False,1.0
p10,complete_cohort,15,uncertainty,5,0,0,False,1.0
p10,complete_cohort,15,low_score,5,0,0,False,1.0
p10,complete_cohort,17,uncertainty,5,0,0,False,1.0
p10,complete_cohort,17,low_score,5,0,0,False,1.0
p10,complete_cohort,19,uncertainty,5,0,0,False,1.0
p10,complete_cohort,19,low_score,5,0,0,False,1.0
p10,complete_cohort,20,uncertainty,5,0,0,False,1.0
p10,complete_cohort,20,low_score,5,0,0,False,1.0
p10,complete_cohort,21,uncertainty,5,0,0,False,1.0
p10,complete_cohort,21,low_score,5,0,0,False,1.0
p10,complete_cohort,22,uncertainty,5,0,0,False,1.0
p10,complete_cohort,22,low_score,5,0,0,False,1.0
p10,complete_cohort,23,uncertainty,5,0,0,False,1.0
p10,complete_cohort,23,low_score,5,0,0,False,1.0
p10,complete_cohort,24,uncertainty,5,0,0,False,1.0
p10,complete_cohort,24,low_score,5,0,0,False,1.0
p10,complete_cohort,25,uncertainty,5,0,0,False,1.0
p10,complete_cohort,25,low_score,5,0,0,False,1.0
p10,complete_cohort,27,uncertainty,5,0,0,False,1.0
p10,complete_cohort,27,low_score,5,0,0,False,1.0
p10,complete_cohort,28,uncertainty,5,0,0,False,1.0
p10,complete_cohort,28,low_score,5,0,0,False,1.0
p10,complete_cohort,29,uncertainty,5,0,0,False,1.0
p10,complete_cohort,29,low_score,5,0,0,False,1.0
p10,complete_cohort,30,uncertainty,5,0,0,False,1.0
p10,complete_cohort,30,low_score,5,0,0,False,1.0
p10,complete_cohort,31,uncertainty,5,0,0,False,1.0
p10,complete_cohort,31,low_score,5,0,0,False,1.0
p10,complete_cohort,39,uncertainty,5,0,0,False,1.0
p10,complete_cohort,39,low_score,5,0,0,False,1.0
p10,complete_cohort,40,uncertainty,5,0,0,False,1.0
p10,complete_cohort,40,low_score,5,0,0,False,1.0
p10,complete_cohort,41,uncertainty,5,0,0,False,1.0
p10,complete_cohort,41,low_score,5,0,0,False,1.0
p10,complete_cohort,42,uncertainty,5,0,0,False,1.0
p10,complete_cohort,42,low_score,5,0,0,False,1.0
p10,complete_cohort,43,uncertainty,5,0,0,False,1.0
p10,complete_cohort,43,low_score,5,0,0,False,1.0
p10,complete_cohort,44,uncertainty,5,0,0,False,1.0
p10,complete_cohort,44,low_score,5,0,0,False,1.0
p10,complete_cohort,45,uncertainty,5,0,0,False,1.0
p10,complete_cohort,45,low_score,5,0,0,False,1.0
p10,complete_cohort,46,uncertainty,5,0,0,False,1.0
p10,complete_cohort,46,low_score,5,0,0,False,1.0
p10,complete_cohort,47,uncertainty,5,0,0,False,1.0
p10,complete_cohort,47,low_score,5,0,0,False,1.0
p10,complete_cohort,48,uncertainty,5,0,0,False,1.0
p10,complete_cohort,48,low_score,5,0,0,False,1.0
p10,complete_cohort,50,uncertainty,5,0,0,False,1.0
p10,complete_cohort,50,low_score,5,0,0,False,1.0
p10,complete_cohort,51,uncertainty,5,0,0,False,1.0
p10,complete_cohort,51,low_score,5,0,0,False,1.0
p10,complete_cohort,52,uncertainty,5,0,0,False,1.0
p10,complete_cohort,52,low_score,5,0,0,False,1.0
p10,complete_cohort,53,uncertainty,5,0,0,False,1.0
p10,complete_cohort,53,low_score,5,0,0,False,1.0
p10,complete_cohort,54,uncertainty,5,0,0,False,1.0
p10,complete_cohort,54,low_score,5,0,0,False,1.0
p10,complete_cohort,55,uncertainty,5,0,0,False,1.0
p10,complete_cohort,55,low_score,5,0,0,False,1.0
p10,complete_cohort,56,uncertainty,5,0,0,False,1.0
p10,complete_cohort,56,low_score,5,0,0,False,1.0
p10,complete_cohort,58,uncertainty,5,0,0,False,1.0
p10,complete_cohort,58,low_score,5,0,0,False,1.0
p10,complete_cohort,59,uncertainty,5,0,0,False,1.0
p10,complete_cohort,59,low_score,5,0,0,False,1.0
p10,complete_cohort,61,uncertainty,5,0,0,False,1.0
p10,complete_cohort,61,low_score,5,0,0,False,1.0
p10,complete_cohort,62,uncertainty,5,0,0,False,1.0
p10,complete_cohort,62,low_score,5,0,0,False,1.0
p10,complete_cohort,63,uncertainty,5,0,0,False,1.0
p10,complete_cohort,63,low_score,5,0,0,False,1.0
p10,complete_cohort,64,uncertainty,5,0,0,False,1.0
p10,complete_cohort,64,low_score,5,0,0,False,1.0
p10,complete_cohort,66,uncertainty,5,0,0,False,1.0
p10,complete_cohort,66,low_score,5,0,0,False,1.0
p10,complete_cohort,67,uncertainty,5,0,0,False,1.0
p10,complete_cohort,67,low_score,5,0,0,False,1.0
p10,complete_cohort,68,uncertainty,5,0,0,False,1.0
p10,complete_cohort,68,low_score,5,0,0,False,1.0
p10,complete_cohort,70,uncertainty,5,0,0,False,1.0
p10,complete_cohort,70,low_score,5,0,0,False,1.0
p10,complete_cohort,71,uncertainty,5,0,0,False,1.0
p10,complete_cohort,71,low_score,5,0,0,False,1.0
p10,complete_cohort,72,uncertainty,5,0,0,False,1.0
p10,complete_cohort,72,low_score,4,0,0,False,1.0
p10,complete_cohort,73,uncertainty,5,0,0,False,1.0
p10,complete_cohort,73,low_score,5,0,0,False,1.0
p10,complete_cohort,74,uncertainty,5,0,0,False,1.0
p10,complete_cohort,74,low_score,5,0,0,False,1.0
p10,complete_cohort,76,uncertainty,5,0,0,False,1.0
p10,complete_cohort,76,low_score,5,0,0,False,1.0
p10,complete_cohort,77,uncertainty,5,0,0,False,1.0
p10,complete_cohort,77,low_score,5,0,0,False,1.0
p10,complete_cohort,78,uncertainty,5,0,0,False,1.0
p10,complete_cohort,78,low_score,5,0,0,False,1.0
p10,complete_cohort,79,uncertainty,5,0,0,False,1.0
p10,complete_cohort,79,low_score,5,0,0,False,1.0
p10,complete_cohort,80,uncertainty,5,0,0,False,1.0
p10,complete_cohort,80,low_score,5,0,0,False,1.0
p10,complete_cohort,81,uncertainty,5,0,0,False,1.0
p10,complete_cohort,81,low_score,3,0,0,False,1.0
p10,complete_cohort,82,uncertainty,5,0,0,False,1.0
p10,complete_cohort,82,low_score,5,0,0,False,1.0
p10,complete_cohort,83,uncertainty,5,0,0,False,1.0
p10,complete_cohort,83,low_score,5,0,0,False,1.0
p10,complete_cohort,84,uncertainty,5,0,0,False,1.0
p10,complete_cohort,84,low_score,5,0,0,False,1.0
p10,complete_cohort,85,uncertainty,5,0,0,False,1.0
p10,complete_cohort,85,low_score,5,0,0,False,1.0
p10,complete_cohort,86,uncertainty,5,0,0,False,1.0
p10,complete_cohort,86,low_score,5,0,0,False,1.0
p10,complete_cohort,87,uncertainty,5,0,0,False,1.0
p10,complete_cohort,87,low_score,5,0,0,False,1.0
p10,complete_cohort,88,uncertainty,5,0,0,False,1.0
p10,complete_cohort,88,low_score,5,0,0,False,1.0
p10,complete_cohort,89,uncertainty,5,0,0,False,1.0
p10,complete_cohort,89,low_score,5,0,0,False,1.0
p10,complete_cohort,90,uncertainty,5,0,0,False,1.0
p10,complete_cohort,90,low_score,5,0,0,False,1.0
p10,complete_cohort,91,uncertainty,5,0,0,False,1.0
p10,complete_cohort,91,low_score,5,0,0,False,1.0
p10,complete_cohort,92,uncertainty,5,0,0,False,1.0
p10,complete_cohort,92,low_score,5,0,0,False,1.0
p10,complete_cohort,93,uncertainty,5,0,0,False,1.0
p10,complete_cohort,93,low_score,5,0,0,False,1.0
p10,complete_cohort,94,uncertainty,5,0,0,False,1.0
p10,complete_cohort,94,low_score,5,0,0,False,1.0
p10,complete_cohort,95,uncertainty,5,0,0,False,1.0
p10,complete_cohort,95,low_score,5,0,0,False,1.0
p10,complete_cohort,96,uncertainty,5,0,0,False,1.0
p10,complete_cohort,96,low_score,5,0,0,False,1.0
p10,complete_cohort,97,uncertainty,5,0,0,False,1.0
p10,complete_cohort,97,low_score,5,0,0,False,1.0
p10,complete_cohort,98,uncertainty,5,0,0,False,1.0
p10,complete_cohort,98,low_score,5,0,0,False,1.0
p10,complete_cohort,99,uncertainty,5,0,0,False,1.0
p10,complete_cohort,99,low_score,5,0,0,False,1.0
p10,complete_cohort,100,uncertainty,5,0,0,False,1.0
p10,complete_cohort,100,low_score,5,0,0,False,1.0
p10,complete_cohort,101,uncertainty,5,0,0,False,1.0
p10,complete_cohort,101,low_score,5,0,0,False,1.0
p10,complete_cohort,102,uncertainty,5,0,0,False,1.0
p10,complete_cohort,102,low_score,5,0,0,False,1.0
p10,complete_cohort,103,uncertainty,5,0,0,False,1.0
p10,complete_cohort,103,low_score,5,0,0,False,1.0
p10,complete_cohort,104,uncertainty,5,0,0,False,1.0
p10,complete_cohort,104,low_score,5,0,0,False,1.0
p10,complete_cohort,105,uncertainty,5,0,0,False,1.0
p10,complete_cohort,105,low_score,5,0,0,False,1.0
p10,complete_cohort,106,uncertainty,5,0,0,False,1.0
p10,complete_cohort,106,low_score,5,0,0,False,1.0
p10,complete_cohort,107,uncertainty,5,0,0,False,1.0
p10,complete_cohort,107,low_score,5,0,0,False,1.0
p10,complete_cohort,108,uncertainty,5,0,0,False,1.0
p10,complete_cohort,108,low_score,5,0,0,False,1.0
p10,complete_cohort,109,uncertainty,5,0,0,False,1.0
p10,complete_cohort,109,low_score,5,0,0,False,1.0
p10,complete_cohort,110,uncertainty,5,0,0,False,1.0
p10,complete_cohort,110,low_score,5,0,0,False,1.0
p10,complete_cohort,111,uncertainty,5,0,0,False,1.0
p10,complete_cohort,111,low_score,5,0,0,False,1.0
p10,complete_cohort,112,uncertainty,5,0,0,False,1.0
p10,complete_cohort,112,low_score,5,0,0,False,1.0
p10,complete_cohort,113,uncertainty,5,0,0,False,1.0
p10,complete_cohort,113,low_score,5,0,0,False,1.0
p10,complete_cohort,114,uncertainty,5,0,0,False,1.0
p10,complete_cohort,114,low_score,5,0,0,False,1.0
p10,complete_cohort,115,uncertainty,5,0,0,False,1.0
p10,complete_cohort,115,low_score,5,0,0,False,1.0
p10,complete_cohort,116,uncertainty,5,0,0,False,1.0
p10,complete_cohort,116,low_score,5,0,0,False,1.0
p10,complete_cohort,117,uncertainty,5,0,0,False,1.0
p10,complete_cohort,117,low_score,5,0,0,False,1.0
p10,complete_cohort,118,uncertainty,5,0,0,False,1.0
p10,complete_cohort,118,low_score,5,0,0,False,1.0
p10,complete_cohort,119,uncertainty,5,0,0,False,1.0
p10,complete_cohort,119,low_score,5,0,0,False,1.0
p10,complete_cohort,120,uncertainty,5,0,0,False,1.0
p10,complete_cohort,120,low_score,5,0,0,False,1.0
p10,complete_cohort,121,uncertainty,5,0,0,False,1.0
p10,complete_cohort,121,low_score,5,0,0,False,1.0
p10,complete_cohort,122,uncertainty,5,0,0,False,1.0
p10,complete_cohort,122,low_score,5,0,0,False,1.0
p10,complete_cohort,123,uncertainty,5,0,0,False,1.0
p10,complete_cohort,123,low_score,5,0,0,False,1.0
p10,complete_cohort,124,uncertainty,5,0,0,False,1.0
p10,complete_cohort,124,low_score,5,0,0,False,1.0
p10,complete_cohort,125,uncertainty,5,0,0,False,1.0
p10,complete_cohort,125,low_score,5,0,0,False,1.0
p10,complete_cohort,126,uncertainty,5,0,0,False,1.0
p10,complete_cohort,126,low_score,5,0,0,False,1.0
p10,complete_cohort,127,uncertainty,5,0,0,False,1.0
p10,complete_cohort,127,low_score,5,0,0,False,1.0
p10,complete_cohort,128,uncertainty,5,0,0,False,1.0
p10,complete_cohort,128,low_score,5,0,0,False,1.0
p10,complete_cohort,129,uncertainty,5,0,0,False,1.0
p10,complete_cohort,129,low_score,5,0,0,False,1.0
p10,complete_cohort,130,uncertainty,5,0,0,False,1.0
p10,complete_cohort,130,low_score,5,0,0,False,1.0
p10,complete_cohort,131,uncertainty,5,0,0,False,1.0
p10,complete_cohort,131,low_score,5,0,0,False,1.0
p10,complete_cohort,132,uncertainty,5,0,0,False,1.0
p10,complete_cohort,132,low_score,5,0,0,False,1.0
p10,complete_cohort,133,uncertainty,5,0,0,False,1.0
p10,complete_cohort,133,low_score,5,0,0,False,1.0
p10,complete_cohort,134,uncertainty,5,0,0,False,1.0
p10,complete_cohort,134,low_score,5,0,0,False,1.0
p10,complete_cohort,135,uncertainty,5,0,0,False,1.0
p10,complete_cohort,135,low_score,5,0,0,False,1.0
p10,complete_cohort,136,uncertainty,5,0,0,False,1.0
p10,complete_cohort,136,low_score,5,0,0,False,1.0
p10,complete_cohort,137,uncertainty,5,0,0,False,1.0
p10,complete_cohort,137,low_score,5,0,0,False,1.0
p10,complete_cohort,138,uncertainty,5,0,0,False,1.0
p10,complete_cohort,138,low_score,5,0,0,False,1.0
p10,complete_cohort,139,uncertainty,5,0,0,False,1.0
p10,complete_cohort,139,low_score,5,0,0,False,1.0
p10,complete_cohort,140,uncertainty,5,0,0,False,1.0
p10,complete_cohort,140,low_score,5,0,0,False,1.0
p10,complete_cohort,141,uncertainty,5,0,0,False,1.0
p10,complete_cohort,141,low_score,5,0,0,False,1.0
p10,complete_cohort,142,uncertainty,5,0,0,False,1.0
p10,complete_cohort,142,low_score,5,0,0,False,1.0
p10,complete_cohort,143,uncertainty,5,0,0,False,1.0
p10,complete_cohort,143,low_score,5,0,0,False,1.0
p10,complete_cohort,144,uncertainty,5,0,0,False,1.0
p10,complete_cohort,144,low_score,5,0,0,False,1.0
p10,complete_cohort,147,uncertainty,5,0,0,False,1.0
p10,complete_cohort,147,low_score,5,0,0,False,1.0
p10,complete_cohort,148,uncertainty,5,0,0,False,1.0
p10,complete_cohort,148,low_score,5,0,0,False,1.0
p10,complete_cohort,149,uncertainty,5,0,0,False,1.0
p10,complete_cohort,149,low_score,5,0,0,False,1.0
p10,complete_cohort,150,uncertainty,5,0,0,False,1.0
p10,complete_cohort,150,low_score,5,0,0,False,1.0
p10,complete_cohort,151,uncertainty,5,0,0,False,1.0
p10,complete_cohort,151,low_score,5,0,0,False,1.0
p10,complete_cohort,152,uncertainty,5,0,0,False,1.0
p10,complete_cohort,152,low_score,5,0,0,False,1.0
p10,complete_cohort,153,uncertainty,5,0,0,False,1.0
p10,complete_cohort,153,low_score,5,0,0,False,1.0
p10,complete_cohort,154,uncertainty,5,0,0,False,1.0
p10,complete_cohort,154,low_score,5,0,0,False,1.0
p10,complete_cohort,155,uncertainty,5,0,0,False,1.0
p10,complete_cohort,155,low_score,5,0,0,False,1.0
p10,complete_cohort,156,uncertainty,5,0,0,False,1.0
p10,complete_cohort,156,low_score,5,0,0,False,1.0
p10,complete_cohort,157,uncertainty,5,0,0,False,1.0
p10,complete_cohort,157,low_score,5,0,0,False,1.0
p10,complete_cohort,158,uncertainty,5,0,0,False,1.0
p10,complete_cohort,158,low_score,5,0,0,False,1.0
p10,complete_cohort,159,uncertainty,5,0,0,False,1.0
p10,complete_cohort,159,low_score,5,0,0,False,1.0
p10,complete_cohort,160,uncertainty,5,0,0,False,1.0
p10,complete_cohort,160,low_score,5,0,0,False,1.0
p10,complete_cohort,161,uncertainty,5,0,0,False,1.0
p10,complete_cohort,161,low_score,5,0,0,False,1.0
p10,complete_cohort,162,uncertainty,5,0,0,False,1.0
p10,complete_cohort,162,low_score,5,0,0,False,1.0
p10,complete_cohort,163,uncertainty,5,0,0,False,1.0
p10,complete_cohort,163,low_score,5,0,0,False,1.0
p10,complete_cohort,164,uncertainty,5,0,0,False,1.0
p10,complete_cohort,164,low_score,5,0,0,False,1.0
p10,complete_cohort,165,uncertainty,5,0,0,False,1.0
p10,complete_cohort,165,low_score,5,0,0,False,1.0
p10,complete_cohort,166,uncertainty,5,0,0,False,1.0
p10,complete_cohort,166,low_score,5,0,0,False,1.0
p10,complete_cohort,167,uncertainty,5,0,0,False,1.0
p10,complete_cohort,167,low_score,5,0,0,False,1.0
p10,complete_cohort,168,uncertainty,5,0,0,False,1.0
p10,complete_cohort,168,low_score,5,0,0,False,1.0
p10,complete_cohort,169,uncertainty,5,0,0,False,1.0
p10,complete_cohort,169,low_score,5,0,0,False,1.0
p10,complete_cohort,170,uncertainty,5,0,0,False,1.0
p10,complete_cohort,170,low_score,5,0,0,False,1.0
p10,complete_cohort,172,uncertainty,5,0,0,False,1.0
p10,complete_cohort,172,low_score,5,0,0,False,1.0
p10,complete_cohort,174,uncertainty,5,0,0,False,1.0
p10,complete_cohort,174,low_score,5,0,0,False,1.0
p10,complete_cohort,175,uncertainty,5,0,0,False,1.0
p10,complete_cohort,175,low_score,5,0,0,False,1.0
p10,complete_cohort,176,uncertainty,5,0,0,False,1.0
p10,complete_cohort,176,low_score,5,0,0,False,1.0
p10,complete_cohort,177,uncertainty,5,0,0,False,1.0
p10,complete_cohort,177,low_score,5,0,0,False,1.0
p10,complete_cohort,178,uncertainty,5,0,0,False,1.0
p10,complete_cohort,178,low_score,5,0,0,False,1.0
p10,complete_cohort,179,uncertainty,5,0,0,False,1.0
p10,complete_cohort,179,low_score,5,0,0,False,1.0
p10,complete_cohort,180,uncertainty,5,0,0,False,1.0
p10,complete_cohort,180,low_score,5,0,0,False,1.0
p10,complete_cohort,181,uncertainty,5,0,0,False,1.0
p10,complete_cohort,181,low_score,5,0,0,False,1.0
p10,complete_cohort,182,uncertainty,5,0,0,False,1.0
p10,complete_cohort,182,low_score,5,0,0,False,1.0
p10,complete_cohort,183,uncertainty,5,0,0,False,1.0
p10,complete_cohort,183,low_score,5,0,0,False,1.0
