scenario,patient_id,scaling,before_x,before_y,after_x,after_y,displacement,normalized_displacement,projection_input_l2_change,before_region,after_region,coordinate_provenance
p01,6,refitted_pipeline,1.400139331817627,-0.06668657064437866,1.400139331817627,-0.06668657064437866,0.0,0.0,2.8188311711697844e-15,overlap,overlap,"current saved app embedding, 5-neighbor projection; historical session figure unverified"
p01,6,fixed_original_scaler_diagnostic,1.400139331817627,-0.06668657064437866,1.400139331817627,-0.06668657064437866,0.0,0.0,0.0,overlap,overlap,"current saved app embedding, 5-neighbor projection; historical session figure unverified"
p01,8,refitted_pipeline,1.2592366933822632,0.07515722513198853,1.2592366933822632,0.07515722513198853,0.0,0.0,2.6807900014702156e-14,overlap,overlap,"current saved app embedding, 5-neighbor projection; historical session figure unverified"
p01,8,fixed_original_scaler_diagnostic,1.2592366933822632,0.07515722513198853,1.2592366933822632,0.07515722513198853,0.0,0.0,0.0,overlap,overlap,"current saved app embedding, 5-neighbor projection; historical session figure unverified"
p05,6,refitted_pipeline,1.400139331817627,-0.06668657064437866,1.400139331817627,-0.06668657064437866,0.0,0.0,2.8188311711697844e-15,overlap,overlap,"current saved app embedding, 5-neighbor projection; historical session figure unverified"
p05,6,fixed_original_scaler_diagnostic,1.400139331817627,-0.06668657064437866,1.400139331817627,-0.06668657064437866,0.0,0.0,0.030270847078798124,overlap,overlap,"current saved app embedding, 5-neighbor projection; historical session figure unverified"
p05,8,refitted_pipeline,1.2592366933822632,0.07515722513198853,1.2592366933822632,0.07515722513198853,0.0,0.0,2.6807900014702156e-14,overlap,overlap,"current saved app embedding, 5-neighbor projection; historical session figure unverified"
p05,8,fixed_original_scaler_diagnostic,1.2592366933822632,0.07515722513198853,1.2592366933822632,0.07515722513198853,0.0,0.0,0.030270847078798124,overlap,overlap,"current saved app embedding, 5-neighbor projection; historical session figure unverified"
p10,6,refitted_pipeline,1.400139331817627,-0.06668657064437866,1.400139331817627,-0.06668657064437866,0.0,0.0,2.8275630811946056e-15,overlap,overlap,"current saved app embedding, 5-neighbor projection; historical session figure unverified"
p10,6,fixed_original_scaler_diagnostic,1.400139331817627,-0.06668657064437866,1.400139331817627,-0.06668657064437866,0.0,0.0,0.10663671238997324,overlap,overlap,"current saved app embedding, 5-neighbor projection; historical session figure unverified"
p10,8,refitted_pipeline,1.2592366933822632,0.07515722513198853,1.2592366933822632,0.07515722513198853,0.0,0.0,2.68088195749989e-14,overlap,overlap,"current saved app embedding, 5-neighbor projection; historical session figure unverified"
p10,8,fixed_original_scaler_diagnostic,1.2592366933822632,0.07515722513198853,1.2592366933822632,0.07515722513198853,0.0,0.0,0.10663671238997324,overlap,overlap,"current saved app embedding, 5-neighbor projection; historical session figure unverified"
supp_p01,6,refitted_pipeline,1.400139331817627,-0.06668657064437866,1.400139331817627,-0.06668657064437866,0.0,0.0,2.8188311711697844e-15,overlap,overlap,"current saved app embedding, 5-neighbor projection; historical session figure unverified"
supp_p01,6,fixed_original_scaler_diagnostic,1.400139331817627,-0.06668657064437866,1.400139331817627,-0.06668657064437866,0.0,0.0,0.06499695430041744,overlap,overlap,"current saved app embedding, 5-neighbor projection; historical session figure unverified"
supp_p01,8,refitted_pipeline,1.2592366933822632,0.07515722513198853,1.2592366933822632,0.07515722513198853,0.0,0.0,2.6807900014702156e-14,overlap,overlap,"current saved app embedding, 5-neighbor projection; historical session figure unverified"
supp_p01,8,fixed_original_scaler_diagnostic,1.2592366933822632,0.07515722513198853,1.2592366933822632,0.07515722513198853,0.0,0.0,0.06499695430041744,overlap,overlap,"current saved app embedding, 5-neighbor projection; historical session figure unverified"
supp_p05,6,refitted_pipeline,1.400139331817627,-0.06668657064437866,1.400139331817627,-0.06668657064437866,0.0,0.0,2.8275630811946056e-15,overlap,overlap,"current saved app embedding, 5-neighbor projection; historical session figure unverified"
supp_p05,6,fixed_original_scaler_diagnostic,1.400139331817627,-0.06668657064437866,1.400139331817627,-0.06668657064437866,0.0,0.0,0.10663671238997324,overlap,overlap,"current saved app embedding, 5-neighbor projection; historical session figure unverified"
supp_p05,8,refitted_pipeline,1.2592366933822632,0.07515722513198853,1.2592366933822632,0.07515722513198853,0.0,0.0,2.68088195749989e-14,overlap,overlap,"current saved app embedding, 5-neighbor projection; historical session figure unverified"
supp_p05,8,fixed_original_scaler_diagnostic,1.2592366933822632,0.07515722513198853,1.2592366933822632,0.07515722513198853,0.0,0.0,0.10663671238997324,overlap,overlap,"current saved app embedding, 5-neighbor projection; historical session figure unverified"
supp_p10,6,refitted_pipeline,1.400139331817627,-0.06668657064437866,1.400139331817627,-0.06668657064437866,0.0,0.0,2.8223476486757627e-15,overlap,overlap,"current saved app embedding, 5-neighbor projection; historical session figure unverified"
supp_p10,6,fixed_original_scaler_diagnostic,1.400139331817627,-0.06668657064437866,1.400139331817627,-0.06668657064437866,0.0,0.0,0.13935229150737866,overlap,overlap,"current saved app embedding, 5-neighbor projection; historical session figure unverified"
supp_p10,8,refitted_pipeline,1.2592366933822632,0.07515722513198853,1.2592366933822632,0.07515722513198853,0.0,0.0,2.15198146325845e-14,overlap,overlap,"current saved app embedding, 5-neighbor projection; historical session figure unverified"
supp_p10,8,fixed_original_scaler_diagnostic,1.2592366933822632,0.07515722513198853,1.2592366933822632,0.07515722513198853,0.0,0.0,0.14019968927225043,overlap,overlap,"current saved app embedding, 5-neighbor projection; historical session figure unverified"
supp_p20,6,refitted_pipeline,1.400139331817627,-0.06668657064437866,1.400139331817627,-0.06668657064437866,0.0,0.0,2.7817609393248505e-15,overlap,overlap,"current saved app embedding, 5-neighbor projection; historical session figure unverified"
supp_p20,6,fixed_original_scaler_diagnostic,1.400139331817627,-0.06668657064437866,1.400139331817627,-0.06668657064437866,0.0,0.0,0.23801695824003402,overlap,overlap,"current saved app embedding, 5-neighbor projection; historical session figure unverified"
supp_p20,8,refitted_pipeline,1.2592366933822632,0.07515722513198853,1.2592366933822632,0.07515722513198853,0.0,0.0,2.503893014776441e-14,overlap,overlap,"current saved app embedding, 5-neighbor projection; historical session figure unverified"
supp_p20,8,fixed_original_scaler_diagnostic,1.2592366933822632,0.07515722513198853,0.9385935664176941,-0.44388991594314575,0.6100999712944031,0.2736417055130005,5.389417556132044,overlap,overlap,"current saved app embedding, 5-neighbor projection; historical session figure unverified"
supp_p25,6,refitted_pipeline,1.400139331817627,-0.06668657064437866,1.400139331817627,-0.06668657064437866,0.0,0.0,2.793781717603963e-15,overlap,overlap,"current saved app embedding, 5-neighbor projection; historical session figure unverified"
supp_p25,6,fixed_original_scaler_diagnostic,1.400139331817627,-0.06668657064437866,1.400139331817627,-0.06668657064437866,0.0,0.0,0.2473186669556536,overlap,overlap,"current saved app embedding, 5-neighbor projection; historical session figure unverified"
supp_p25,8,refitted_pipeline,1.2592366933822632,0.07515722513198853,1.2592366933822632,0.07515722513198853,0.0,0.0,3.0338863692393266e-14,overlap,overlap,"current saved app embedding, 5-neighbor projection; historical session figure unverified"
supp_p25,8,fixed_original_scaler_diagnostic,1.2592366933822632,0.07515722513198853,0.9385935664176941,-0.44388991594314575,0.6100999712944031,0.2736417055130005,5.726904176255725,overlap,overlap,"current saved app embedding, 5-neighbor projection; historical session figure unverified"
