scenario,population,panel,rank_measure,features_included_previous,excluded_missing_previous,rho_previous,p_value_previous,sorting,features_included_current,excluded_missing_current,rho_current,p_value_current,rho_current_minus_previous
original,complete_cohort,low_score,mean_displayed_rank,41,3,-0.8953286233439661,2.8219510225525143e-15,app_quicksort,41,3,-0.8953286233439661,2.8219510225525143e-15,0.0
original,complete_cohort,low_score,mean_full_eligible_rank,41,3,-0.8936727055163077,3.774258839700694e-15,app_quicksort,41,3,-0.8936727055163077,3.774258839700694e-15,0.0
original,complete_cohort,uncertainty,mean_displayed_rank,44,0,-0.3405950578227445,0.0236773253091395,app_quicksort,44,0,-0.3405950578227445,0.023677325309139508,0.0
original,complete_cohort,uncertainty,mean_full_eligible_rank,44,0,0.2513306967461052,0.0998295697317588,app_quicksort,44,0,0.25133069674610525,0.09982956973175883,5.551115123125783e-17
original,demonstration,low_score,mean_displayed_rank,26,18,-0.3719419667113413,0.0613407692736181,app_quicksort,26,18,-0.37194196671134133,0.06134076927361812,-5.551115123125783e-17
original,demonstration,low_score,mean_full_eligible_rank,26,18,-0.3719419667113413,0.0613407692736181,app_quicksort,26,18,-0.37194196671134133,0.06134076927361812,-5.551115123125783e-17
original,demonstration,uncertainty,mean_displayed_rank,41,3,-0.529898902358598,0.0003665534463395,app_quicksort,41,3,-0.529898902358598,0.0003665534463395852,0.0
original,demonstration,uncertainty,mean_full_eligible_rank,44,0,0.1612311839740861,0.2957652171255291,app_quicksort,44,0,0.16123118397408612,0.29576521712552917,2.7755575615628914e-17
original,reference,low_score,mean_displayed_rank,41,3,-0.8616994282065749,4.72030497641045e-13,app_quicksort,41,3,-0.8616994282065749,4.72030497641045e-13,0.0
original,reference,low_score,mean_full_eligible_rank,41,3,-0.8584750270290219,7.17781403357577e-13,app_quicksort,41,3,-0.8584750270290219,7.17781403357577e-13,0.0
original,reference,uncertainty,mean_displayed_rank,44,0,-0.3488437892997184,0.0202984127731133,app_quicksort,44,0,-0.34884378929971843,0.020298412773113346,-5.551115123125783e-17
original,reference,uncertainty,mean_full_eligible_rank,44,0,0.2417512840559285,0.1138818176281295,app_quicksort,44,0,0.24175128405592858,0.11388181762812959,8.326672684688674e-17
p01,complete_cohort,low_score,mean_displayed_rank,41,3,-0.8953286233439661,2.8219510225525143e-15,app_quicksort,41,3,-0.8953286233439661,2.8219510225525143e-15,0.0
p01,complete_cohort,low_score,mean_full_eligible_rank,41,3,-0.8936727055163077,3.774258839700694e-15,app_quicksort,41,3,-0.8936727055163077,3.774258839700694e-15,0.0
p01,complete_cohort,uncertainty,mean_displayed_rank,44,0,-0.3405950578227445,0.0236773253091395,app_quicksort,44,0,-0.3405950578227445,0.023677325309139508,0.0
p01,complete_cohort,uncertainty,mean_full_eligible_rank,44,0,0.2513306967461052,0.0998295697317588,app_quicksort,44,0,0.25133069674610525,0.09982956973175883,5.551115123125783e-17
p01,demonstration,low_score,mean_displayed_rank,26,18,-0.3719419667113413,0.0613407692736181,app_quicksort,26,18,-0.37194196671134133,0.06134076927361812,-5.551115123125783e-17
p01,demonstration,low_score,mean_full_eligible_rank,26,18,-0.3719419667113413,0.0613407692736181,app_quicksort,26,18,-0.37194196671134133,0.06134076927361812,-5.551115123125783e-17
p01,demonstration,uncertainty,mean_displayed_rank,41,3,-0.529898902358598,0.0003665534463395,app_quicksort,41,3,-0.529898902358598,0.0003665534463395852,0.0
p01,demonstration,uncertainty,mean_full_eligible_rank,44,0,0.1612311839740861,0.2957652171255291,app_quicksort,44,0,0.16123118397408612,0.29576521712552917,2.7755575615628914e-17
p01,reference,low_score,mean_displayed_rank,41,3,-0.8616994282065749,4.72030497641045e-13,app_quicksort,41,3,-0.8616994282065749,4.72030497641045e-13,0.0
p01,reference,low_score,mean_full_eligible_rank,41,3,-0.8584750270290219,7.17781403357577e-13,app_quicksort,41,3,-0.8584750270290219,7.17781403357577e-13,0.0
p01,reference,uncertainty,mean_displayed_rank,44,0,-0.3488437892997184,0.0202984127731133,app_quicksort,44,0,-0.34884378929971843,0.020298412773113346,-5.551115123125783e-17
p01,reference,uncertainty,mean_full_eligible_rank,44,0,0.2417512840559285,0.1138818176281295,app_quicksort,44,0,0.24175128405592858,0.11388181762812959,8.326672684688674e-17
p05,complete_cohort,low_score,mean_displayed_rank,41,3,-0.8953286233439661,2.8219510225525143e-15,app_quicksort,41,3,-0.8953286233439661,2.8219510225525143e-15,0.0
p05,complete_cohort,low_score,mean_full_eligible_rank,41,3,-0.8936727055163077,3.774258839700694e-15,app_quicksort,41,3,-0.8936727055163077,3.774258839700694e-15,0.0
p05,complete_cohort,uncertainty,mean_displayed_rank,44,0,-0.3405950578227445,0.0236773253091395,app_quicksort,44,0,-0.3405950578227445,0.023677325309139508,0.0
p05,complete_cohort,uncertainty,mean_full_eligible_rank,44,0,0.2573060375563075,0.0917644267796487,app_quicksort,44,0,0.25730603755630754,0.09176442677964876,5.551115123125783e-17
p05,demonstration,low_score,mean_displayed_rank,26,18,-0.3719419667113413,0.0613407692736181,app_quicksort,26,18,-0.37194196671134133,0.06134076927361812,-5.551115123125783e-17
p05,demonstration,low_score,mean_full_eligible_rank,26,18,-0.3719419667113413,0.0613407692736181,app_quicksort,26,18,-0.37194196671134133,0.06134076927361812,-5.551115123125783e-17
p05,demonstration,uncertainty,mean_displayed_rank,41,3,-0.529898902358598,0.0003665534463395,app_quicksort,41,3,-0.529898902358598,0.0003665534463395852,0.0
p05,demonstration,uncertainty,mean_full_eligible_rank,44,0,0.1612311839740861,0.2957652171255291,app_quicksort,44,0,0.16123118397408612,0.29576521712552917,2.7755575615628914e-17
p05,reference,low_score,mean_displayed_rank,41,3,-0.8616994282065749,4.72030497641045e-13,app_quicksort,41,3,-0.8616994282065749,4.72030497641045e-13,0.0
p05,reference,low_score,mean_full_eligible_rank,41,3,-0.8584750270290219,7.17781403357577e-13,app_quicksort,41,3,-0.8584750270290219,7.17781403357577e-13,0.0
p05,reference,uncertainty,mean_displayed_rank,44,0,-0.3488437892997184,0.0202984127731133,app_quicksort,44,0,-0.34884378929971843,0.020298412773113346,-5.551115123125783e-17
p05,reference,uncertainty,mean_full_eligible_rank,44,0,0.2484929796868628,0.1038455570227041,app_quicksort,44,0,0.2484929796868628,0.10384555702270415,0.0
p10,complete_cohort,low_score,mean_displayed_rank,41,3,-0.8953286233439661,2.8219510225525143e-15,app_quicksort,41,3,-0.8953286233439661,2.8219510225525143e-15,0.0
p10,complete_cohort,low_score,mean_full_eligible_rank,41,3,-0.8936727055163077,3.774258839700694e-15,app_quicksort,41,3,-0.8936727055163077,3.774258839700694e-15,0.0
p10,complete_cohort,uncertainty,mean_displayed_rank,44,0,-0.3405950578227445,0.0236773253091395,app_quicksort,44,0,-0.3405950578227445,0.023677325309139508,0.0
p10,complete_cohort,uncertainty,mean_full_eligible_rank,44,0,0.2638091072156875,0.0835704006610377,app_quicksort,44,0,0.2638091072156875,0.0835704006610377,0.0
p10,demonstration,low_score,mean_displayed_rank,26,18,-0.3719419667113413,0.0613407692736181,app_quicksort,26,18,-0.37194196671134133,0.06134076927361812,-5.551115123125783e-17
p10,demonstration,low_score,mean_full_eligible_rank,26,18,-0.3719419667113413,0.0613407692736181,app_quicksort,26,18,-0.37194196671134133,0.06134076927361812,-5.551115123125783e-17
p10,demonstration,uncertainty,mean_displayed_rank,41,3,-0.529898902358598,0.0003665534463395,app_quicksort,41,3,-0.529898902358598,0.0003665534463395852,0.0
p10,demonstration,uncertainty,mean_full_eligible_rank,44,0,0.1622183856253597,0.2927785737580032,app_quicksort,44,0,0.16221838562535978,0.29277857375800326,8.326672684688674e-17
p10,reference,low_score,mean_displayed_rank,41,3,-0.8616994282065749,4.72030497641045e-13,app_quicksort,41,3,-0.8616994282065749,4.72030497641045e-13,0.0
p10,reference,low_score,mean_full_eligible_rank,41,3,-0.8584750270290219,7.17781403357577e-13,app_quicksort,41,3,-0.8584750270290219,7.17781403357577e-13,0.0
p10,reference,uncertainty,mean_displayed_rank,44,0,-0.3488437892997184,0.0202984127731133,app_quicksort,44,0,-0.34884378929971843,0.020298412773113346,-5.551115123125783e-17
p10,reference,uncertainty,mean_full_eligible_rank,44,0,0.2527232474641963,0.0979029957304719,app_quicksort,44,0,0.2527232474641963,0.09790299573047193,0.0
