scenario,population,exact_raw_scores_changed,changed_entries,total_entries,max_abs_raw_score_change,raw_scores_unchanged_within_tolerance
p01,demonstration,False,0,440,0.0,True
p01,reference,False,0,5632,0.0,True
p01,complete_cohort,False,0,7040,0.0,True
p05,demonstration,True,10,440,3.7144678473779997,False
p05,reference,True,128,5632,76.12307768735468,False
p05,complete_cohort,True,161,7040,721411648229.3153,False
p10,demonstration,True,10,440,13.08515214296995,False
p10,reference,True,128,5632,268.16278779564055,False
p10,complete_cohort,True,161,7040,721411648431.8353,False
supp_p01,demonstration,True,10,440,7.975630688428808,False
supp_p01,reference,True,128,5632,163.44994207702769,False
supp_p01,complete_cohort,True,161,7040,721411648321.408,False
supp_p05,demonstration,True,10,440,13.08515214296995,False
supp_p05,reference,True,128,5632,268.16278779564055,False
supp_p05,complete_cohort,True,161,7040,721411648431.8353,False
supp_p10,demonstration,True,11,440,17.099607583335466,False
supp_p10,reference,True,132,5632,350.43371216912305,False
supp_p10,complete_cohort,True,171,7040,721411648518.5961,False
supp_p20,demonstration,True,31,440,74.19009074200936,False
supp_p20,reference,True,394,5632,413.34247653330385,False
supp_p20,complete_cohort,True,497,7040,721411648584.938,False
supp_p25,demonstration,True,31,440,78.97438425610433,False
supp_p25,reference,True,394,5632,417.29600199466125,False
supp_p25,complete_cohort,True,497,7040,721411648589.1073,False
