sorting,scenario,population,panel,rank_measure,features_included,excluded_missing,rho,p_value
app_quicksort,original,complete_cohort,low_score,mean_displayed_rank,41,3,-0.8953286233439661,2.8219510225525143e-15
app_quicksort,original,complete_cohort,low_score,mean_full_eligible_rank,41,3,-0.8936727055163077,3.774258839700694e-15
app_quicksort,original,complete_cohort,uncertainty,mean_displayed_rank,44,0,-0.3405950578227445,0.023677325309139508
app_quicksort,original,complete_cohort,uncertainty,mean_full_eligible_rank,44,0,0.25133069674610525,0.09982956973175883
app_quicksort,original,demonstration,low_score,mean_displayed_rank,26,18,-0.37194196671134133,0.06134076927361812
app_quicksort,original,demonstration,low_score,mean_full_eligible_rank,26,18,-0.37194196671134133,0.06134076927361812
app_quicksort,original,demonstration,uncertainty,mean_displayed_rank,41,3,-0.529898902358598,0.0003665534463395852
app_quicksort,original,demonstration,uncertainty,mean_full_eligible_rank,44,0,0.16123118397408612,0.29576521712552917
app_quicksort,original,reference,low_score,mean_displayed_rank,41,3,-0.8616994282065749,4.72030497641045e-13
app_quicksort,original,reference,low_score,mean_full_eligible_rank,41,3,-0.8584750270290219,7.17781403357577e-13
app_quicksort,original,reference,uncertainty,mean_displayed_rank,44,0,-0.34884378929971843,0.020298412773113346
app_quicksort,original,reference,uncertainty,mean_full_eligible_rank,44,0,0.24175128405592858,0.11388181762812959
app_quicksort,p01,complete_cohort,low_score,mean_displayed_rank,41,3,-0.8953286233439661,2.8219510225525143e-15
app_quicksort,p01,complete_cohort,low_score,mean_full_eligible_rank,41,3,-0.8936727055163077,3.774258839700694e-15
app_quicksort,p01,complete_cohort,uncertainty,mean_displayed_rank,44,0,-0.3405950578227445,0.023677325309139508
app_quicksort,p01,complete_cohort,uncertainty,mean_full_eligible_rank,44,0,0.25133069674610525,0.09982956973175883
app_quicksort,p01,demonstration,low_score,mean_displayed_rank,26,18,-0.37194196671134133,0.06134076927361812
app_quicksort,p01,demonstration,low_score,mean_full_eligible_rank,26,18,-0.37194196671134133,0.06134076927361812
app_quicksort,p01,demonstration,uncertainty,mean_displayed_rank,41,3,-0.529898902358598,0.0003665534463395852
app_quicksort,p01,demonstration,uncertainty,mean_full_eligible_rank,44,0,0.16123118397408612,0.29576521712552917
app_quicksort,p01,reference,low_score,mean_displayed_rank,41,3,-0.8616994282065749,4.72030497641045e-13
app_quicksort,p01,reference,low_score,mean_full_eligible_rank,41,3,-0.8584750270290219,7.17781403357577e-13
app_quicksort,p01,reference,uncertainty,mean_displayed_rank,44,0,-0.34884378929971843,0.020298412773113346
app_quicksort,p01,reference,uncertainty,mean_full_eligible_rank,44,0,0.24175128405592858,0.11388181762812959
app_quicksort,p05,complete_cohort,low_score,mean_displayed_rank,41,3,-0.8953286233439661,2.8219510225525143e-15
app_quicksort,p05,complete_cohort,low_score,mean_full_eligible_rank,41,3,-0.8936727055163077,3.774258839700694e-15
app_quicksort,p05,complete_cohort,uncertainty,mean_displayed_rank,44,0,-0.3405950578227445,0.023677325309139508
app_quicksort,p05,complete_cohort,uncertainty,mean_full_eligible_rank,44,0,0.25730603755630754,0.09176442677964876
app_quicksort,p05,demonstration,low_score,mean_displayed_rank,26,18,-0.37194196671134133,0.06134076927361812
app_quicksort,p05,demonstration,low_score,mean_full_eligible_rank,26,18,-0.37194196671134133,0.06134076927361812
app_quicksort,p05,demonstration,uncertainty,mean_displayed_rank,41,3,-0.529898902358598,0.0003665534463395852
app_quicksort,p05,demonstration,uncertainty,mean_full_eligible_rank,44,0,0.16123118397408612,0.29576521712552917
app_quicksort,p05,reference,low_score,mean_displayed_rank,41,3,-0.8616994282065749,4.72030497641045e-13
app_quicksort,p05,reference,low_score,mean_full_eligible_rank,41,3,-0.8584750270290219,7.17781403357577e-13
app_quicksort,p05,reference,uncertainty,mean_displayed_rank,44,0,-0.34884378929971843,0.020298412773113346
app_quicksort,p05,reference,uncertainty,mean_full_eligible_rank,44,0,0.2484929796868628,0.10384555702270415
app_quicksort,p10,complete_cohort,low_score,mean_displayed_rank,41,3,-0.8953286233439661,2.8219510225525143e-15
app_quicksort,p10,complete_cohort,low_score,mean_full_eligible_rank,41,3,-0.8936727055163077,3.774258839700694e-15
app_quicksort,p10,complete_cohort,uncertainty,mean_displayed_rank,44,0,-0.3405950578227445,0.023677325309139508
app_quicksort,p10,complete_cohort,uncertainty,mean_full_eligible_rank,44,0,0.2638091072156875,0.0835704006610377
app_quicksort,p10,demonstration,low_score,mean_displayed_rank,26,18,-0.37194196671134133,0.06134076927361812
app_quicksort,p10,demonstration,low_score,mean_full_eligible_rank,26,18,-0.37194196671134133,0.06134076927361812
app_quicksort,p10,demonstration,uncertainty,mean_displayed_rank,41,3,-0.529898902358598,0.0003665534463395852
app_quicksort,p10,demonstration,uncertainty,mean_full_eligible_rank,44,0,0.16221838562535978,0.29277857375800326
app_quicksort,p10,reference,low_score,mean_displayed_rank,41,3,-0.8616994282065749,4.72030497641045e-13
app_quicksort,p10,reference,low_score,mean_full_eligible_rank,41,3,-0.8584750270290219,7.17781403357577e-13
app_quicksort,p10,reference,uncertainty,mean_displayed_rank,44,0,-0.34884378929971843,0.020298412773113346
app_quicksort,p10,reference,uncertainty,mean_full_eligible_rank,44,0,0.2527232474641963,0.09790299573047193
app_quicksort,supp_p01,complete_cohort,low_score,mean_displayed_rank,41,3,-0.8953286233439661,2.8219510225525143e-15
app_quicksort,supp_p01,complete_cohort,low_score,mean_full_eligible_rank,41,3,-0.8936727055163077,3.774258839700694e-15
app_quicksort,supp_p01,complete_cohort,uncertainty,mean_displayed_rank,44,0,-0.3405950578227445,0.023677325309139508
app_quicksort,supp_p01,complete_cohort,uncertainty,mean_full_eligible_rank,44,0,0.26310411227390323,0.08443008683046768
app_quicksort,supp_p01,demonstration,low_score,mean_displayed_rank,26,18,-0.37194196671134133,0.06134076927361812
app_quicksort,supp_p01,demonstration,low_score,mean_full_eligible_rank,26,18,-0.37194196671134133,0.06134076927361812
app_quicksort,supp_p01,demonstration,uncertainty,mean_displayed_rank,41,3,-0.529898902358598,0.0003665534463395852
app_quicksort,supp_p01,demonstration,uncertainty,mean_full_eligible_rank,44,0,0.1617304860594783,0.2942521991979219
app_quicksort,supp_p01,reference,low_score,mean_displayed_rank,41,3,-0.8616994282065749,4.72030497641045e-13
app_quicksort,supp_p01,reference,low_score,mean_full_eligible_rank,41,3,-0.8584750270290219,7.17781403357577e-13
app_quicksort,supp_p01,reference,uncertainty,mean_displayed_rank,44,0,-0.34884378929971843,0.020298412773113346
app_quicksort,supp_p01,reference,uncertainty,mean_full_eligible_rank,44,0,0.2504142033217857,0.10111333657428763
app_quicksort,supp_p05,complete_cohort,low_score,mean_displayed_rank,41,3,-0.8953286233439661,2.8219510225525143e-15
app_quicksort,supp_p05,complete_cohort,low_score,mean_full_eligible_rank,41,3,-0.8936727055163077,3.774258839700694e-15
app_quicksort,supp_p05,complete_cohort,uncertainty,mean_displayed_rank,44,0,-0.3405950578227445,0.023677325309139508
app_quicksort,supp_p05,complete_cohort,uncertainty,mean_full_eligible_rank,44,0,0.2638091072156875,0.0835704006610377
app_quicksort,supp_p05,demonstration,low_score,mean_displayed_rank,26,18,-0.37194196671134133,0.06134076927361812
app_quicksort,supp_p05,demonstration,low_score,mean_full_eligible_rank,26,18,-0.37194196671134133,0.06134076927361812
app_quicksort,supp_p05,demonstration,uncertainty,mean_displayed_rank,41,3,-0.529898902358598,0.0003665534463395852
app_quicksort,supp_p05,demonstration,uncertainty,mean_full_eligible_rank,44,0,0.16221838562535978,0.29277857375800326
app_quicksort,supp_p05,reference,low_score,mean_displayed_rank,41,3,-0.8616994282065749,4.72030497641045e-13
app_quicksort,supp_p05,reference,low_score,mean_full_eligible_rank,41,3,-0.8584750270290219,7.17781403357577e-13
app_quicksort,supp_p05,reference,uncertainty,mean_displayed_rank,44,0,-0.34884378929971843,0.020298412773113346
app_quicksort,supp_p05,reference,uncertainty,mean_full_eligible_rank,44,0,0.2527232474641963,0.09790299573047193
app_quicksort,supp_p10,complete_cohort,low_score,mean_displayed_rank,41,3,-0.8948882623197916,3.0502579944969193e-15
app_quicksort,supp_p10,complete_cohort,low_score,mean_full_eligible_rank,41,3,-0.8932322723529958,4.074461885398969e-15
app_quicksort,supp_p10,complete_cohort,uncertainty,mean_displayed_rank,44,0,-0.3405950578227445,0.023677325309139508
app_quicksort,supp_p10,complete_cohort,uncertainty,mean_full_eligible_rank,44,0,0.2713716779159413,0.07477218059392633
app_quicksort,supp_p10,demonstration,low_score,mean_displayed_rank,26,18,-0.37194196671134133,0.06134076927361812
app_quicksort,supp_p10,demonstration,low_score,mean_full_eligible_rank,26,18,-0.37194196671134133,0.06134076927361812
app_quicksort,supp_p10,demonstration,uncertainty,mean_displayed_rank,41,3,-0.529898902358598,0.0003665534463395852
app_quicksort,supp_p10,demonstration,uncertainty,mean_full_eligible_rank,44,0,0.16734247828186577,0.2775908546735005
app_quicksort,supp_p10,reference,low_score,mean_displayed_rank,41,3,-0.8616994282065749,4.72030497641045e-13
app_quicksort,supp_p10,reference,low_score,mean_full_eligible_rank,41,3,-0.8584750270290219,7.17781403357577e-13
app_quicksort,supp_p10,reference,uncertainty,mean_displayed_rank,44,0,-0.34884378929971843,0.020298412773113346
app_quicksort,supp_p10,reference,uncertainty,mean_full_eligible_rank,44,0,0.2562656613385954,0.09313113791711364
app_quicksort,supp_p20,complete_cohort,low_score,mean_displayed_rank,41,3,-0.8736218648514663,9.098545320354737e-14
app_quicksort,supp_p20,complete_cohort,low_score,mean_full_eligible_rank,41,3,-0.8730989206514256,9.81347215466371e-14
app_quicksort,supp_p20,complete_cohort,uncertainty,mean_displayed_rank,44,0,-0.34713950933459253,0.020961145064948086
app_quicksort,supp_p20,complete_cohort,uncertainty,mean_full_eligible_rank,44,0,0.2841129615390755,0.06161451144792206
app_quicksort,supp_p20,demonstration,low_score,mean_displayed_rank,26,18,-0.3623611248825303,0.06887946668270255
app_quicksort,supp_p20,demonstration,low_score,mean_full_eligible_rank,26,18,-0.3623611248825303,0.06887946668270255
app_quicksort,supp_p20,demonstration,uncertainty,mean_displayed_rank,41,3,-0.5341701716817715,0.00032169051259292554
app_quicksort,supp_p20,demonstration,uncertainty,mean_full_eligible_rank,44,0,0.17120897209231625,0.2664792897346938
app_quicksort,supp_p20,reference,low_score,mean_displayed_rank,41,3,-0.8389543280081609,7.416041402228292e-12
app_quicksort,supp_p20,reference,low_score,mean_full_eligible_rank,41,3,-0.8384314521415308,7.860824235429409e-12
app_quicksort,supp_p20,reference,uncertainty,mean_displayed_rank,44,0,-0.35383696128154346,0.018457308666417385
app_quicksort,supp_p20,reference,uncertainty,mean_full_eligible_rank,44,0,0.2665585874886463,0.08028273107489349
app_quicksort,supp_p25,complete_cohort,low_score,mean_displayed_rank,41,3,-0.8730989206514256,9.81347215466371e-14
app_quicksort,supp_p25,complete_cohort,low_score,mean_full_eligible_rank,41,3,-0.8725759764513848,1.0581057669542695e-13
app_quicksort,supp_p25,complete_cohort,uncertainty,mean_displayed_rank,44,0,-0.3479855032647337,0.020629932966271806
app_quicksort,supp_p25,complete_cohort,uncertainty,mean_full_eligible_rank,44,0,0.2832064473761053,0.06248495731158911
app_quicksort,supp_p25,demonstration,low_score,mean_displayed_rank,26,18,-0.3623611248825303,0.06887946668270255
app_quicksort,supp_p25,demonstration,low_score,mean_full_eligible_rank,26,18,-0.3623611248825303,0.06887946668270255
app_quicksort,supp_p25,demonstration,uncertainty,mean_displayed_rank,41,3,-0.5354138644339768,0.00030958984097184054
app_quicksort,supp_p25,demonstration,uncertainty,mean_full_eligible_rank,44,0,0.16597335497554788,0.28159730235793207
app_quicksort,supp_p25,reference,low_score,mean_displayed_rank,41,3,-0.8359913647639233,1.0288332508077257e-11
app_quicksort,supp_p25,reference,low_score,mean_full_eligible_rank,41,3,-0.8354684888972931,1.089287919038415e-11
app_quicksort,supp_p25,reference,uncertainty,mean_displayed_rank,44,0,-0.3555289491418258,0.017866286520363726
app_quicksort,supp_p25,reference,uncertainty,mean_full_eligible_rank,44,0,0.2678980778780365,0.07871816820229345
stable,original,complete_cohort,low_score,mean_displayed_rank,41,3,-0.8953286233439661,2.8219510225525143e-15
stable,original,complete_cohort,low_score,mean_full_eligible_rank,41,3,-0.8936727055163077,3.774258839700694e-15
stable,original,complete_cohort,uncertainty,mean_displayed_rank,44,0,-0.3677383195204793,0.014056824543729137
stable,original,complete_cohort,uncertainty,mean_full_eligible_rank,44,0,0.16221933610456893,0.29277570765070493
stable,original,demonstration,low_score,mean_displayed_rank,26,18,-0.37194196671134133,0.06134076927361812
stable,original,demonstration,low_score,mean_full_eligible_rank,26,18,-0.37194196671134133,0.06134076927361812
stable,original,demonstration,uncertainty,mean_displayed_rank,40,4,-0.5486459903258574,0.0002468264555469263
stable,original,demonstration,uncertainty,mean_full_eligible_rank,44,0,0.09370703616917206,0.545164700274475
stable,original,reference,low_score,mean_displayed_rank,41,3,-0.8616994282065749,4.72030497641045e-13
stable,original,reference,low_score,mean_full_eligible_rank,41,3,-0.8584750270290219,7.17781403357577e-13
stable,original,reference,uncertainty,mean_displayed_rank,44,0,-0.37838411826426616,0.011321878665868725
stable,original,reference,uncertainty,mean_full_eligible_rank,44,0,0.16124370677936029,0.29572720844433115
stable,p01,complete_cohort,low_score,mean_displayed_rank,41,3,-0.8953286233439661,2.8219510225525143e-15
stable,p01,complete_cohort,low_score,mean_full_eligible_rank,41,3,-0.8936727055163077,3.774258839700694e-15
stable,p01,complete_cohort,uncertainty,mean_displayed_rank,44,0,-0.3677383195204793,0.014056824543729137
stable,p01,complete_cohort,uncertainty,mean_full_eligible_rank,44,0,0.16221933610456893,0.29277570765070493
stable,p01,demonstration,low_score,mean_displayed_rank,26,18,-0.37194196671134133,0.06134076927361812
stable,p01,demonstration,low_score,mean_full_eligible_rank,26,18,-0.37194196671134133,0.06134076927361812
stable,p01,demonstration,uncertainty,mean_displayed_rank,40,4,-0.5486459903258574,0.0002468264555469263
stable,p01,demonstration,uncertainty,mean_full_eligible_rank,44,0,0.09370703616917206,0.545164700274475
stable,p01,reference,low_score,mean_displayed_rank,41,3,-0.8616994282065749,4.72030497641045e-13
stable,p01,reference,low_score,mean_full_eligible_rank,41,3,-0.8584750270290219,7.17781403357577e-13
stable,p01,reference,uncertainty,mean_displayed_rank,44,0,-0.37838411826426616,0.011321878665868725
stable,p01,reference,uncertainty,mean_full_eligible_rank,44,0,0.16124370677936029,0.29572720844433115
stable,p05,complete_cohort,low_score,mean_displayed_rank,41,3,-0.8953286233439661,2.8219510225525143e-15
stable,p05,complete_cohort,low_score,mean_full_eligible_rank,41,3,-0.8936727055163077,3.774258839700694e-15
stable,p05,complete_cohort,uncertainty,mean_displayed_rank,44,0,-0.3677383195204793,0.014056824543729137
stable,p05,complete_cohort,uncertainty,mean_full_eligible_rank,44,0,0.16221933610456893,0.29277570765070493
stable,p05,demonstration,low_score,mean_displayed_rank,26,18,-0.37194196671134133,0.06134076927361812
stable,p05,demonstration,low_score,mean_full_eligible_rank,26,18,-0.37194196671134133,0.06134076927361812
stable,p05,demonstration,uncertainty,mean_displayed_rank,40,4,-0.5486459903258574,0.0002468264555469263
stable,p05,demonstration,uncertainty,mean_full_eligible_rank,44,0,0.09370703616917206,0.545164700274475
stable,p05,reference,low_score,mean_displayed_rank,41,3,-0.8616994282065749,4.72030497641045e-13
stable,p05,reference,low_score,mean_full_eligible_rank,41,3,-0.8584750270290219,7.17781403357577e-13
stable,p05,reference,uncertainty,mean_displayed_rank,44,0,-0.37838411826426616,0.011321878665868725
stable,p05,reference,uncertainty,mean_full_eligible_rank,44,0,0.16589115525914258,0.28183903931711324
stable,p10,complete_cohort,low_score,mean_displayed_rank,41,3,-0.8953286233439661,2.8219510225525143e-15
stable,p10,complete_cohort,low_score,mean_full_eligible_rank,41,3,-0.8936727055163077,3.774258839700694e-15
stable,p10,complete_cohort,uncertainty,mean_displayed_rank,44,0,-0.3677383195204793,0.014056824543729137
stable,p10,complete_cohort,uncertainty,mean_full_eligible_rank,44,0,0.16778879614466496,0.2762929277749825
stable,p10,demonstration,low_score,mean_displayed_rank,26,18,-0.37194196671134133,0.06134076927361812
stable,p10,demonstration,low_score,mean_full_eligible_rank,26,18,-0.37194196671134133,0.06134076927361812
stable,p10,demonstration,uncertainty,mean_displayed_rank,40,4,-0.5486459903258574,0.0002468264555469263
stable,p10,demonstration,uncertainty,mean_full_eligible_rank,44,0,0.10622994911741121,0.4925176889260232
stable,p10,reference,low_score,mean_displayed_rank,41,3,-0.8616994282065749,4.72030497641045e-13
stable,p10,reference,low_score,mean_full_eligible_rank,41,3,-0.8584750270290219,7.17781403357577e-13
stable,p10,reference,uncertainty,mean_displayed_rank,44,0,-0.37838411826426616,0.011321878665868725
stable,p10,reference,uncertainty,mean_full_eligible_rank,44,0,0.17794699357164295,0.2478293709573104
stable,supp_p01,complete_cohort,low_score,mean_displayed_rank,41,3,-0.8953286233439661,2.8219510225525143e-15
stable,supp_p01,complete_cohort,low_score,mean_full_eligible_rank,41,3,-0.8936727055163077,3.774258839700694e-15
stable,supp_p01,complete_cohort,uncertainty,mean_displayed_rank,44,0,-0.3677383195204793,0.014056824543729137
stable,supp_p01,complete_cohort,uncertainty,mean_full_eligible_rank,44,0,0.16221933610456893,0.29277570765070493
stable,supp_p01,demonstration,low_score,mean_displayed_rank,26,18,-0.37194196671134133,0.06134076927361812
stable,supp_p01,demonstration,low_score,mean_full_eligible_rank,26,18,-0.37194196671134133,0.06134076927361812
stable,supp_p01,demonstration,uncertainty,mean_displayed_rank,40,4,-0.5486459903258574,0.0002468264555469263
stable,supp_p01,demonstration,uncertainty,mean_full_eligible_rank,44,0,0.09723593504818184,0.5300611183064291
stable,supp_p01,reference,low_score,mean_displayed_rank,41,3,-0.8616994282065749,4.72030497641045e-13
stable,supp_p01,reference,low_score,mean_full_eligible_rank,41,3,-0.8584750270290219,7.17781403357577e-13
stable,supp_p01,reference,uncertainty,mean_displayed_rank,44,0,-0.37838411826426616,0.011321878665868725
stable,supp_p01,reference,uncertainty,mean_full_eligible_rank,44,0,0.1662378072727395,0.2808205080491536
stable,supp_p05,complete_cohort,low_score,mean_displayed_rank,41,3,-0.8953286233439661,2.8219510225525143e-15
stable,supp_p05,complete_cohort,low_score,mean_full_eligible_rank,41,3,-0.8936727055163077,3.774258839700694e-15
stable,supp_p05,complete_cohort,uncertainty,mean_displayed_rank,44,0,-0.3677383195204793,0.014056824543729137
stable,supp_p05,complete_cohort,uncertainty,mean_full_eligible_rank,44,0,0.16778879614466496,0.2762929277749825
stable,supp_p05,demonstration,low_score,mean_displayed_rank,26,18,-0.37194196671134133,0.06134076927361812
stable,supp_p05,demonstration,low_score,mean_full_eligible_rank,26,18,-0.37194196671134133,0.06134076927361812
stable,supp_p05,demonstration,uncertainty,mean_displayed_rank,40,4,-0.5486459903258574,0.0002468264555469263
stable,supp_p05,demonstration,uncertainty,mean_full_eligible_rank,44,0,0.10622994911741121,0.4925176889260232
stable,supp_p05,reference,low_score,mean_displayed_rank,41,3,-0.8616994282065749,4.72030497641045e-13
stable,supp_p05,reference,low_score,mean_full_eligible_rank,41,3,-0.8584750270290219,7.17781403357577e-13
stable,supp_p05,reference,uncertainty,mean_displayed_rank,44,0,-0.37838411826426616,0.011321878665868725
stable,supp_p05,reference,uncertainty,mean_full_eligible_rank,44,0,0.17794699357164295,0.2478293709573104
stable,supp_p10,complete_cohort,low_score,mean_displayed_rank,41,3,-0.8948882623197916,3.0502579944969193e-15
stable,supp_p10,complete_cohort,low_score,mean_full_eligible_rank,41,3,-0.8932322723529958,4.074461885398969e-15
stable,supp_p10,complete_cohort,uncertainty,mean_displayed_rank,44,0,-0.3677383195204793,0.014056824543729137
stable,supp_p10,complete_cohort,uncertainty,mean_full_eligible_rank,44,0,0.16919878602823357,0.2722188047842557
stable,supp_p10,demonstration,low_score,mean_displayed_rank,26,18,-0.37194196671134133,0.06134076927361812
stable,supp_p10,demonstration,low_score,mean_full_eligible_rank,26,18,-0.37194196671134133,0.06134076927361812
stable,supp_p10,demonstration,uncertainty,mean_displayed_rank,40,4,-0.5486459903258574,0.0002468264555469263
stable,supp_p10,demonstration,uncertainty,mean_full_eligible_rank,44,0,0.11055879060441068,0.47495114646576136
stable,supp_p10,reference,low_score,mean_displayed_rank,41,3,-0.8616994282065749,4.72030497641045e-13
stable,supp_p10,reference,low_score,mean_full_eligible_rank,41,3,-0.8584750270290219,7.17781403357577e-13
stable,supp_p10,reference,uncertainty,mean_displayed_rank,44,0,-0.37838411826426616,0.011321878665868725
stable,supp_p10,reference,uncertainty,mean_full_eligible_rank,44,0,0.1876057646173304,0.2226645009999688
stable,supp_p20,complete_cohort,low_score,mean_displayed_rank,41,3,-0.8736218648514663,9.098545320354737e-14
stable,supp_p20,complete_cohort,low_score,mean_full_eligible_rank,41,3,-0.8730989206514256,9.81347215466371e-14
stable,supp_p20,complete_cohort,uncertainty,mean_displayed_rank,44,0,-0.37294232420389817,0.012656855504569013
stable,supp_p20,complete_cohort,uncertainty,mean_full_eligible_rank,44,0,0.1798442096491766,0.24274108080287288
stable,supp_p20,demonstration,low_score,mean_displayed_rank,26,18,-0.3623611248825303,0.06887946668270255
stable,supp_p20,demonstration,low_score,mean_full_eligible_rank,26,18,-0.3623611248825303,0.06887946668270255
stable,supp_p20,demonstration,uncertainty,mean_displayed_rank,40,4,-0.550779059826718,0.00023078009802840187
stable,supp_p20,demonstration,uncertainty,mean_full_eligible_rank,44,0,0.11623479994347641,0.45242969844200326
stable,supp_p20,reference,low_score,mean_displayed_rank,41,3,-0.8389543280081609,7.416041402228292e-12
stable,supp_p20,reference,low_score,mean_full_eligible_rank,41,3,-0.8384314521415308,7.860824235429409e-12
stable,supp_p20,reference,uncertainty,mean_displayed_rank,44,0,-0.37752479132549616,0.01152431225003898
stable,supp_p20,reference,uncertainty,mean_full_eligible_rank,44,0,0.1907011317526549,0.21498688379226247
stable,supp_p25,complete_cohort,low_score,mean_displayed_rank,41,3,-0.8730989206514256,9.81347215466371e-14
stable,supp_p25,complete_cohort,low_score,mean_full_eligible_rank,41,3,-0.8725759764513848,1.0581057669542695e-13
stable,supp_p25,complete_cohort,uncertainty,mean_displayed_rank,44,0,-0.37294232420389817,0.012656855504569013
stable,supp_p25,complete_cohort,uncertainty,mean_full_eligible_rank,44,0,0.17893402126974242,0.24517327968382197
stable,supp_p25,demonstration,low_score,mean_displayed_rank,26,18,-0.3623611248825303,0.06887946668270255
stable,supp_p25,demonstration,low_score,mean_full_eligible_rank,26,18,-0.3623611248825303,0.06887946668270255
stable,supp_p25,demonstration,uncertainty,mean_displayed_rank,40,4,-0.5520251615237584,0.0002218466836215235
stable,supp_p25,demonstration,uncertainty,mean_full_eligible_rank,44,0,0.11418600186189454,0.4604911624061104
stable,supp_p25,reference,low_score,mean_displayed_rank,41,3,-0.8359913647639233,1.0288332508077257e-11
stable,supp_p25,reference,low_score,mean_full_eligible_rank,41,3,-0.8354684888972931,1.089287919038415e-11
stable,supp_p25,reference,uncertainty,mean_displayed_rank,44,0,-0.3796397761508491,0.011031554071785665
stable,supp_p25,reference,uncertainty,mean_full_eligible_rank,44,0,0.18957313984580004,0.21776311792956554
