population,scenario,sorting,panel,feature,djs,djs_rank_ascending,patients,top_five_count,top_five_percent,displayed_count,displayed_rank_denominator,mean_displayed_rank,median_displayed_rank,full_eligible_rank_denominator,mean_full_eligible_rank
demonstration,original,stable,uncertainty,AGE,0.8423996035041833,44.0,10,2,20.0,7,7,8.0,8.0,10,14.8
demonstration,original,stable,uncertainty,SEX,0.010419457768073702,8.0,10,7,70.0,7,7,2.2857142857142856,2.0,10,14.8
demonstration,original,stable,uncertainty,DM,0.07338175708832079,16.5,10,0,0.0,10,10,11.7,10.5,10,11.7
demonstration,original,stable,uncertainty,HT,0.07634607001328039,18.0,10,0,0.0,0,0,,,10,29.0
demonstration,original,stable,uncertainty,HL,0.019252451329638272,10.5,10,0,0.0,9,9,11.777777777777779,11.0,10,12.7
demonstration,original,stable,uncertainty,FH,0.019252451329638272,10.5,10,0,0.0,9,9,12.777777777777779,12.0,10,13.7
demonstration,original,stable,uncertainty,SIGARA,0.1624837665351631,25.0,10,2,20.0,6,6,9.5,10.0,10,19.4
demonstration,original,stable,uncertainty,KBY,0.00635819367814629,5.0,10,0,0.0,8,8,12.875,12.5,10,14.7
demonstration,original,stable,uncertainty,PRIOR_KAH,0.08760679070487096,19.0,10,0,0.0,8,8,13.875,13.5,10,15.7
demonstration,original,stable,uncertainty,KOAH,0.00635819367814629,5.0,10,0,0.0,7,7,14.0,14.0,10,16.7
demonstration,original,stable,uncertainty,Chest Pain,0.031309689273031203,15.0,10,0,0.0,7,7,15.0,15.0,10,17.7
demonstration,original,stable,uncertainty,Chest Pain Character,0.27752552669453606,34.0,10,1,10.0,4,4,8.5,9.0,10,20.1
demonstration,original,stable,uncertainty,Any Previous Pain Attacks,0.1225096299346061,22.0,10,0,0.0,7,7,16.0,16.0,10,18.7
demonstration,original,stable,uncertainty,Chest Pain Duration(saat),0.3593300269065588,40.0,10,0,0.0,3,3,7.666666666666667,7.0,10,23.6
demonstration,original,stable,uncertainty,Radiation,1e-12,1.5,10,0,0.0,6,6,16.333333333333332,16.5,10,19.7
demonstration,original,stable,uncertainty,Arm Pain,0.01287484662652141,9.0,10,0,0.0,0,0,,,10,31.4
demonstration,original,stable,uncertainty,Back Pain,0.01027996636774112,7.0,10,1,10.0,7,7,15.0,17.0,10,17.9
demonstration,original,stable,uncertainty,Epigastric Pain,0.00635819367814629,5.0,10,0,0.0,5,5,17.8,18.0,10,21.6
demonstration,original,stable,uncertainty,Relation with exercise,0.07338175708832079,16.5,10,0,0.0,4,4,18.25,18.0,10,22.6
demonstration,original,stable,uncertainty,Relation with Position,0.02071488082849471,13.0,10,0,0.0,3,3,18.666666666666668,18.0,10,23.6
demonstration,original,stable,uncertainty,Dyspnea,0.02071488082849471,13.0,10,0,0.0,2,2,19.0,19.0,10,24.6
demonstration,original,stable,uncertainty,Fatigue,1e-12,1.5,10,0,0.0,2,2,20.0,20.0,10,25.6
demonstration,original,stable,uncertainty,Nausea,0.02071488082849471,13.0,10,0,0.0,0,0,,,10,26.6
demonstration,original,stable,uncertainty,Çarpıntı,0.00283061490515114,3.0,10,0,0.0,0,0,,,10,42.8
demonstration,original,stable,uncertainty,Recent Infection(4 hafta),0.36534506309380776,41.0,10,2,20.0,4,4,4.75,5.0,10,19.8
demonstration,original,stable,uncertainty,TROP_KATSAYISI,0.23636945365165837,30.0,10,1,10.0,2,2,7.5,7.5,10,27.4
demonstration,original,stable,uncertainty,CK-MB,0.1231067721762661,23.0,10,2,20.0,2,2,2.5,2.5,10,32.1
demonstration,original,stable,uncertainty,GLUKOZ,0.24023255290666903,31.0,10,2,20.0,2,2,4.0,4.0,10,30.1
demonstration,original,stable,uncertainty,WBCpik,0.20131791050285874,28.0,10,2,20.0,4,4,4.75,4.5,10,23.1
demonstration,original,stable,uncertainty,NEUpik,0.19519885826993577,27.0,10,4,40.0,5,5,4.6,5.0,10,21.5
demonstration,original,stable,uncertainty,LYMPpik,0.2071864910246896,29.0,10,1,10.0,5,5,9.0,8.0,10,22.5
demonstration,original,stable,uncertainty,EOSpik,0.16267622571063461,26.0,10,1,10.0,4,4,5.0,6.0,10,25.8
demonstration,original,stable,uncertainty,MONOpik,0.25533139768830004,33.0,10,2,20.0,4,4,5.75,6.0,10,22.2
demonstration,original,stable,uncertainty,HB,0.3461961100869093,39.0,10,1,10.0,7,7,9.714285714285714,10.0,10,18.3
demonstration,original,stable,uncertainty,HTC,0.38777313345011427,43.0,10,1,10.0,6,6,9.833333333333334,10.0,10,18.7
demonstration,original,stable,uncertainty,PLT,0.15278727766403172,24.0,10,6,60.0,7,7,4.0,5.0,10,12.6
demonstration,original,stable,uncertainty,KREATIN,0.10353183137493421,21.0,10,2,20.0,3,3,5.0,2.0,10,27.2
demonstration,original,stable,uncertainty,AST,0.2450304525055541,32.0,10,1,10.0,3,3,11.666666666666666,13.0,10,29.5
demonstration,original,stable,uncertainty,ALT,0.09675269925166126,20.0,10,0,0.0,2,2,17.0,17.0,10,36.4
demonstration,original,stable,uncertainty,TOTAL_KOLESTEROL,0.27821577159014776,35.0,10,1,10.0,3,3,6.333333333333333,6.0,10,25.3
demonstration,original,stable,uncertainty,TG,0.36626215238448107,42.0,10,2,20.0,4,4,7.5,5.5,10,24.6
demonstration,original,stable,uncertainty,LDL,0.3061346455946382,37.0,10,0,0.0,2,2,11.5,11.5,10,31.6
demonstration,original,stable,uncertainty,HDL,0.2848042088524271,36.0,10,3,30.0,5,5,5.4,5.0,10,22.4
demonstration,original,stable,uncertainty,hs-CRP_KATSAYISI,0.32418846323041517,38.0,10,3,30.0,5,5,6.6,4.0,10,19.2
demonstration,original,stable,low_score,AGE,0.8423996035041833,44.0,10,3,30.0,7,7,5.285714285714286,6.0,7,5.285714285714286
demonstration,original,stable,low_score,SEX,0.010419457768073702,8.0,10,0,0.0,7,7,11.428571428571429,12.0,7,11.428571428571429
demonstration,original,stable,low_score,DM,0.07338175708832079,16.5,10,0,0.0,0,0,,,0,
demonstration,original,stable,low_score,HT,0.07634607001328039,18.0,10,0,0.0,0,0,,,0,
demonstration,original,stable,low_score,HL,0.019252451329638272,10.5,10,0,0.0,0,0,,,0,
demonstration,original,stable,low_score,FH,0.019252451329638272,10.5,10,0,0.0,0,0,,,0,
demonstration,original,stable,low_score,SIGARA,0.1624837665351631,25.0,10,6,60.0,6,6,2.6666666666666665,2.5,6,2.6666666666666665
demonstration,original,stable,low_score,KBY,0.00635819367814629,5.0,10,0,0.0,0,0,,,0,
demonstration,original,stable,low_score,PRIOR_KAH,0.08760679070487096,19.0,10,0,0.0,0,0,,,0,
demonstration,original,stable,low_score,KOAH,0.00635819367814629,5.0,10,0,0.0,0,0,,,0,
demonstration,original,stable,low_score,Chest Pain,0.031309689273031203,15.0,10,0,0.0,0,0,,,0,
demonstration,original,stable,low_score,Chest Pain Character,0.27752552669453606,34.0,10,4,40.0,4,4,3.5,3.5,4,3.5
demonstration,original,stable,low_score,Any Previous Pain Attacks,0.1225096299346061,22.0,10,0,0.0,0,0,,,0,
demonstration,original,stable,low_score,Chest Pain Duration(saat),0.3593300269065588,40.0,10,1,10.0,3,3,6.333333333333333,9.0,3,6.333333333333333
demonstration,original,stable,low_score,Radiation,1e-12,1.5,10,0,0.0,0,0,,,0,
demonstration,original,stable,low_score,Arm Pain,0.01287484662652141,9.0,10,0,0.0,0,0,,,0,
demonstration,original,stable,low_score,Back Pain,0.01027996636774112,7.0,10,0,0.0,1,1,19.0,19.0,1,19.0
demonstration,original,stable,low_score,Epigastric Pain,0.00635819367814629,5.0,10,0,0.0,0,0,,,0,
demonstration,original,stable,low_score,Relation with exercise,0.07338175708832079,16.5,10,0,0.0,0,0,,,0,
demonstration,original,stable,low_score,Relation with Position,0.02071488082849471,13.0,10,0,0.0,0,0,,,0,
demonstration,original,stable,low_score,Dyspnea,0.02071488082849471,13.0,10,0,0.0,0,0,,,0,
demonstration,original,stable,low_score,Fatigue,1e-12,1.5,10,0,0.0,0,0,,,0,
demonstration,original,stable,low_score,Nausea,0.02071488082849471,13.0,10,0,0.0,0,0,,,0,
demonstration,original,stable,low_score,Çarpıntı,0.00283061490515114,3.0,10,0,0.0,0,0,,,0,
demonstration,original,stable,low_score,Recent Infection(4 hafta),0.36534506309380776,41.0,10,4,40.0,4,4,3.5,3.5,4,3.5
demonstration,original,stable,low_score,TROP_KATSAYISI,0.23636945365165837,30.0,10,1,10.0,2,2,9.5,9.5,2,9.5
demonstration,original,stable,low_score,CK-MB,0.1231067721762661,23.0,10,0,0.0,2,2,12.5,12.5,2,12.5
demonstration,original,stable,low_score,GLUKOZ,0.24023255290666903,31.0,10,1,10.0,2,2,3.5,3.5,2,3.5
demonstration,original,stable,low_score,WBCpik,0.20131791050285874,28.0,10,1,10.0,4,4,11.5,11.5,4,11.5
demonstration,original,stable,low_score,NEUpik,0.19519885826993577,27.0,10,1,10.0,5,5,10.4,10.0,5,10.4
demonstration,original,stable,low_score,LYMPpik,0.2071864910246896,29.0,10,4,40.0,5,5,4.2,3.0,5,4.2
demonstration,original,stable,low_score,EOSpik,0.16267622571063461,26.0,10,2,20.0,4,4,6.5,6.0,4,6.5
demonstration,original,stable,low_score,MONOpik,0.25533139768830004,33.0,10,0,0.0,4,4,10.5,11.0,4,10.5
demonstration,original,stable,low_score,HB,0.3461961100869093,39.0,10,5,50.0,7,7,4.0,4.0,7,4.0
demonstration,original,stable,low_score,HTC,0.38777313345011427,43.0,10,4,40.0,6,6,4.5,4.5,6,4.5
demonstration,original,stable,low_score,PLT,0.15278727766403172,24.0,10,1,10.0,7,7,9.285714285714286,8.0,7,9.285714285714286
demonstration,original,stable,low_score,KREATIN,0.10353183137493421,21.0,10,0,0.0,3,3,9.666666666666666,8.0,3,9.666666666666666
demonstration,original,stable,low_score,AST,0.2450304525055541,32.0,10,2,20.0,3,3,3.6666666666666665,3.0,3,3.6666666666666665
demonstration,original,stable,low_score,ALT,0.09675269925166126,20.0,10,2,20.0,2,2,1.0,1.0,2,1.0
demonstration,original,stable,low_score,TOTAL_KOLESTEROL,0.27821577159014776,35.0,10,1,10.0,3,3,8.0,10.0,3,8.0
demonstration,original,stable,low_score,TG,0.36626215238448107,42.0,10,1,10.0,4,4,6.5,7.0,4,6.5
demonstration,original,stable,low_score,LDL,0.3061346455946382,37.0,10,2,20.0,2,2,5.0,5.0,2,5.0
demonstration,original,stable,low_score,HDL,0.2848042088524271,36.0,10,3,30.0,5,5,6.8,5.0,5,6.8
demonstration,original,stable,low_score,hs-CRP_KATSAYISI,0.32418846323041517,38.0,10,1,10.0,5,5,8.4,7.0,5,8.4
demonstration,original,app_quicksort,uncertainty,AGE,0.8423996035041833,44.0,10,2,20.0,7,7,8.0,8.0,10,14.8
demonstration,original,app_quicksort,uncertainty,SEX,0.010419457768073702,8.0,10,7,70.0,7,7,2.2857142857142856,2.0,10,14.8
demonstration,original,app_quicksort,uncertainty,DM,0.07338175708832079,16.5,10,0,0.0,4,4,17.75,19.0,10,19.9
demonstration,original,app_quicksort,uncertainty,HT,0.07634607001328039,18.0,10,0,0.0,0,0,,,10,29.0
demonstration,original,app_quicksort,uncertainty,HL,0.019252451329638272,10.5,10,0,0.0,5,5,17.8,19.0,10,19.8
demonstration,original,app_quicksort,uncertainty,FH,0.019252451329638272,10.5,10,0,0.0,6,6,18.333333333333332,18.5,10,20.3
demonstration,original,app_quicksort,uncertainty,SIGARA,0.1624837665351631,25.0,10,2,20.0,6,6,9.5,10.0,10,19.4
demonstration,original,app_quicksort,uncertainty,KBY,0.00635819367814629,5.0,10,0,0.0,4,4,18.5,18.5,10,21.4
demonstration,original,app_quicksort,uncertainty,PRIOR_KAH,0.08760679070487096,19.0,10,0,0.0,6,6,15.833333333333334,16.5,10,19.2
demonstration,original,app_quicksort,uncertainty,KOAH,0.00635819367814629,5.0,10,0,0.0,6,6,16.833333333333332,16.5,10,20.7
demonstration,original,app_quicksort,uncertainty,Chest Pain,0.031309689273031203,15.0,10,0,0.0,6,6,16.666666666666668,16.0,10,19.3
demonstration,original,app_quicksort,uncertainty,Chest Pain Character,0.27752552669453606,34.0,10,1,10.0,4,4,8.5,9.0,10,20.1
demonstration,original,app_quicksort,uncertainty,Any Previous Pain Attacks,0.1225096299346061,22.0,10,0,0.0,5,5,14.4,15.0,10,20.2
demonstration,original,app_quicksort,uncertainty,Chest Pain Duration(saat),0.3593300269065588,40.0,10,0,0.0,3,3,7.666666666666667,7.0,10,23.6
demonstration,original,app_quicksort,uncertainty,Radiation,1e-12,1.5,10,0,0.0,3,3,15.0,19.0,10,22.0
demonstration,original,app_quicksort,uncertainty,Arm Pain,0.01287484662652141,9.0,10,0,0.0,0,0,,,10,31.4
demonstration,original,app_quicksort,uncertainty,Back Pain,0.01027996636774112,7.0,10,1,10.0,8,8,11.75,12.0,10,14.4
demonstration,original,app_quicksort,uncertainty,Epigastric Pain,0.00635819367814629,5.0,10,0,0.0,6,6,12.666666666666666,12.5,10,18.6
demonstration,original,app_quicksort,uncertainty,Relation with exercise,0.07338175708832079,16.5,10,0,0.0,7,7,13.571428571428571,13.0,10,18.1
demonstration,original,app_quicksort,uncertainty,Relation with Position,0.02071488082849471,13.0,10,0,0.0,7,7,11.571428571428571,12.0,10,17.5
demonstration,original,app_quicksort,uncertainty,Dyspnea,0.02071488082849471,13.0,10,0,0.0,7,7,11.571428571428571,11.0,10,17.4
demonstration,original,app_quicksort,uncertainty,Fatigue,1e-12,1.5,10,0,0.0,7,7,10.571428571428571,10.0,10,15.8
demonstration,original,app_quicksort,uncertainty,Nausea,0.02071488082849471,13.0,10,0,0.0,7,7,15.428571428571429,15.0,10,19.2
demonstration,original,app_quicksort,uncertainty,Çarpıntı,0.00283061490515114,3.0,10,0,0.0,0,0,,,10,42.8
demonstration,original,app_quicksort,uncertainty,Recent Infection(4 hafta),0.36534506309380776,41.0,10,2,20.0,4,4,4.75,5.0,10,19.8
demonstration,original,app_quicksort,uncertainty,TROP_KATSAYISI,0.23636945365165837,30.0,10,1,10.0,2,2,7.5,7.5,10,27.4
demonstration,original,app_quicksort,uncertainty,CK-MB,0.1231067721762661,23.0,10,2,20.0,2,2,2.5,2.5,10,32.1
demonstration,original,app_quicksort,uncertainty,GLUKOZ,0.24023255290666903,31.0,10,2,20.0,2,2,4.0,4.0,10,30.1
demonstration,original,app_quicksort,uncertainty,WBCpik,0.20131791050285874,28.0,10,2,20.0,4,4,4.75,4.5,10,23.1
demonstration,original,app_quicksort,uncertainty,NEUpik,0.19519885826993577,27.0,10,4,40.0,5,5,4.6,5.0,10,21.5
demonstration,original,app_quicksort,uncertainty,LYMPpik,0.2071864910246896,29.0,10,1,10.0,5,5,9.0,8.0,10,22.5
demonstration,original,app_quicksort,uncertainty,EOSpik,0.16267622571063461,26.0,10,1,10.0,4,4,5.0,6.0,10,25.8
demonstration,original,app_quicksort,uncertainty,MONOpik,0.25533139768830004,33.0,10,2,20.0,4,4,5.75,6.0,10,22.2
demonstration,original,app_quicksort,uncertainty,HB,0.3461961100869093,39.0,10,1,10.0,7,7,9.714285714285714,10.0,10,18.3
demonstration,original,app_quicksort,uncertainty,HTC,0.38777313345011427,43.0,10,1,10.0,6,6,9.833333333333334,10.0,10,18.7
demonstration,original,app_quicksort,uncertainty,PLT,0.15278727766403172,24.0,10,6,60.0,7,7,4.0,5.0,10,12.6
demonstration,original,app_quicksort,uncertainty,KREATIN,0.10353183137493421,21.0,10,2,20.0,3,3,5.0,2.0,10,27.2
demonstration,original,app_quicksort,uncertainty,AST,0.2450304525055541,32.0,10,1,10.0,3,3,11.666666666666666,13.0,10,29.5
demonstration,original,app_quicksort,uncertainty,ALT,0.09675269925166126,20.0,10,0,0.0,2,2,17.0,17.0,10,36.4
demonstration,original,app_quicksort,uncertainty,TOTAL_KOLESTEROL,0.27821577159014776,35.0,10,1,10.0,3,3,6.333333333333333,6.0,10,25.3
demonstration,original,app_quicksort,uncertainty,TG,0.36626215238448107,42.0,10,2,20.0,4,4,7.5,5.5,10,24.6
demonstration,original,app_quicksort,uncertainty,LDL,0.3061346455946382,37.0,10,0,0.0,2,2,11.5,11.5,10,31.6
demonstration,original,app_quicksort,uncertainty,HDL,0.2848042088524271,36.0,10,3,30.0,5,5,5.4,5.0,10,22.4
demonstration,original,app_quicksort,uncertainty,hs-CRP_KATSAYISI,0.32418846323041517,38.0,10,3,30.0,5,5,6.6,4.0,10,19.2
demonstration,original,app_quicksort,low_score,AGE,0.8423996035041833,44.0,10,3,30.0,7,7,5.285714285714286,6.0,7,5.285714285714286
demonstration,original,app_quicksort,low_score,SEX,0.010419457768073702,8.0,10,0,0.0,7,7,11.428571428571429,12.0,7,11.428571428571429
demonstration,original,app_quicksort,low_score,DM,0.07338175708832079,16.5,10,0,0.0,0,0,,,0,
demonstration,original,app_quicksort,low_score,HT,0.07634607001328039,18.0,10,0,0.0,0,0,,,0,
demonstration,original,app_quicksort,low_score,HL,0.019252451329638272,10.5,10,0,0.0,0,0,,,0,
demonstration,original,app_quicksort,low_score,FH,0.019252451329638272,10.5,10,0,0.0,0,0,,,0,
demonstration,original,app_quicksort,low_score,SIGARA,0.1624837665351631,25.0,10,6,60.0,6,6,2.6666666666666665,2.5,6,2.6666666666666665
demonstration,original,app_quicksort,low_score,KBY,0.00635819367814629,5.0,10,0,0.0,0,0,,,0,
demonstration,original,app_quicksort,low_score,PRIOR_KAH,0.08760679070487096,19.0,10,0,0.0,0,0,,,0,
demonstration,original,app_quicksort,low_score,KOAH,0.00635819367814629,5.0,10,0,0.0,0,0,,,0,
demonstration,original,app_quicksort,low_score,Chest Pain,0.031309689273031203,15.0,10,0,0.0,0,0,,,0,
demonstration,original,app_quicksort,low_score,Chest Pain Character,0.27752552669453606,34.0,10,4,40.0,4,4,3.5,3.5,4,3.5
demonstration,original,app_quicksort,low_score,Any Previous Pain Attacks,0.1225096299346061,22.0,10,0,0.0,0,0,,,0,
demonstration,original,app_quicksort,low_score,Chest Pain Duration(saat),0.3593300269065588,40.0,10,1,10.0,3,3,6.333333333333333,9.0,3,6.333333333333333
demonstration,original,app_quicksort,low_score,Radiation,1e-12,1.5,10,0,0.0,0,0,,,0,
demonstration,original,app_quicksort,low_score,Arm Pain,0.01287484662652141,9.0,10,0,0.0,0,0,,,0,
demonstration,original,app_quicksort,low_score,Back Pain,0.01027996636774112,7.0,10,0,0.0,1,1,19.0,19.0,1,19.0
demonstration,original,app_quicksort,low_score,Epigastric Pain,0.00635819367814629,5.0,10,0,0.0,0,0,,,0,
demonstration,original,app_quicksort,low_score,Relation with exercise,0.07338175708832079,16.5,10,0,0.0,0,0,,,0,
demonstration,original,app_quicksort,low_score,Relation with Position,0.02071488082849471,13.0,10,0,0.0,0,0,,,0,
demonstration,original,app_quicksort,low_score,Dyspnea,0.02071488082849471,13.0,10,0,0.0,0,0,,,0,
demonstration,original,app_quicksort,low_score,Fatigue,1e-12,1.5,10,0,0.0,0,0,,,0,
demonstration,original,app_quicksort,low_score,Nausea,0.02071488082849471,13.0,10,0,0.0,0,0,,,0,
demonstration,original,app_quicksort,low_score,Çarpıntı,0.00283061490515114,3.0,10,0,0.0,0,0,,,0,
demonstration,original,app_quicksort,low_score,Recent Infection(4 hafta),0.36534506309380776,41.0,10,4,40.0,4,4,3.5,3.5,4,3.5
demonstration,original,app_quicksort,low_score,TROP_KATSAYISI,0.23636945365165837,30.0,10,1,10.0,2,2,9.5,9.5,2,9.5
demonstration,original,app_quicksort,low_score,CK-MB,0.1231067721762661,23.0,10,0,0.0,2,2,12.5,12.5,2,12.5
demonstration,original,app_quicksort,low_score,GLUKOZ,0.24023255290666903,31.0,10,1,10.0,2,2,3.5,3.5,2,3.5
demonstration,original,app_quicksort,low_score,WBCpik,0.20131791050285874,28.0,10,1,10.0,4,4,11.5,11.5,4,11.5
demonstration,original,app_quicksort,low_score,NEUpik,0.19519885826993577,27.0,10,1,10.0,5,5,10.4,10.0,5,10.4
demonstration,original,app_quicksort,low_score,LYMPpik,0.2071864910246896,29.0,10,4,40.0,5,5,4.2,3.0,5,4.2
demonstration,original,app_quicksort,low_score,EOSpik,0.16267622571063461,26.0,10,2,20.0,4,4,6.5,6.0,4,6.5
demonstration,original,app_quicksort,low_score,MONOpik,0.25533139768830004,33.0,10,0,0.0,4,4,10.5,11.0,4,10.5
demonstration,original,app_quicksort,low_score,HB,0.3461961100869093,39.0,10,5,50.0,7,7,4.0,4.0,7,4.0
demonstration,original,app_quicksort,low_score,HTC,0.38777313345011427,43.0,10,4,40.0,6,6,4.5,4.5,6,4.5
demonstration,original,app_quicksort,low_score,PLT,0.15278727766403172,24.0,10,1,10.0,7,7,9.285714285714286,8.0,7,9.285714285714286
demonstration,original,app_quicksort,low_score,KREATIN,0.10353183137493421,21.0,10,0,0.0,3,3,9.666666666666666,8.0,3,9.666666666666666
demonstration,original,app_quicksort,low_score,AST,0.2450304525055541,32.0,10,2,20.0,3,3,3.6666666666666665,3.0,3,3.6666666666666665
demonstration,original,app_quicksort,low_score,ALT,0.09675269925166126,20.0,10,2,20.0,2,2,1.0,1.0,2,1.0
demonstration,original,app_quicksort,low_score,TOTAL_KOLESTEROL,0.27821577159014776,35.0,10,1,10.0,3,3,8.0,10.0,3,8.0
demonstration,original,app_quicksort,low_score,TG,0.36626215238448107,42.0,10,1,10.0,4,4,6.5,7.0,4,6.5
demonstration,original,app_quicksort,low_score,LDL,0.3061346455946382,37.0,10,2,20.0,2,2,5.0,5.0,2,5.0
demonstration,original,app_quicksort,low_score,HDL,0.2848042088524271,36.0,10,3,30.0,5,5,6.8,5.0,5,6.8
demonstration,original,app_quicksort,low_score,hs-CRP_KATSAYISI,0.32418846323041517,38.0,10,1,10.0,5,5,8.4,7.0,5,8.4
reference,original,stable,uncertainty,AGE,0.8423996035041833,44.0,128,12,9.375,76,76,9.986842105263158,10.0,128,19.09375
reference,original,stable,uncertainty,SEX,0.010419457768073702,8.0,128,100,78.125,106,106,2.3207547169811322,2.0,128,9.484375
reference,original,stable,uncertainty,DM,0.07338175708832079,16.5,128,9,7.03125,126,126,11.634920634920634,12.0,128,11.7890625
reference,original,stable,uncertainty,HT,0.07634607001328039,18.0,128,8,6.25,18,18,6.222222222222222,6.0,128,26.2109375
reference,original,stable,uncertainty,HL,0.019252451329638272,10.5,128,4,3.125,126,126,13.047619047619047,13.0,128,13.1953125
reference,original,stable,uncertainty,FH,0.019252451329638272,10.5,128,3,2.34375,125,125,14.0,14.0,128,14.203125
reference,original,stable,uncertainty,SIGARA,0.1624837665351631,25.0,128,3,2.34375,83,83,10.626506024096386,11.0,128,19.015625
reference,original,stable,uncertainty,KBY,0.00635819367814629,5.0,128,1,0.78125,119,119,14.857142857142858,15.0,128,15.3515625
reference,original,stable,uncertainty,PRIOR_KAH,0.08760679070487096,19.0,128,9,7.03125,115,115,14.347826086956522,15.0,128,15.125
reference,original,stable,uncertainty,KOAH,0.00635819367814629,5.0,128,1,0.78125,100,100,15.86,16.0,128,17.203125
reference,original,stable,uncertainty,Chest Pain,0.031309689273031203,15.0,128,0,0.0,88,88,16.71590909090909,17.0,128,19.0390625
reference,original,stable,uncertainty,Chest Pain Character,0.27752552669453606,34.0,128,4,3.125,55,55,9.836363636363636,9.0,128,20.453125
reference,original,stable,uncertainty,Any Previous Pain Attacks,0.1225096299346061,22.0,128,9,7.03125,80,80,15.3,17.0,128,18.09375
reference,original,stable,uncertainty,Chest Pain Duration(saat),0.3593300269065588,40.0,128,23,17.96875,40,40,5.3,5.0,128,25.1875
reference,original,stable,uncertainty,Radiation,1e-12,1.5,128,0,0.0,66,66,17.393939393939394,18.0,128,20.2578125
reference,original,stable,uncertainty,Arm Pain,0.01287484662652141,9.0,128,7,5.46875,7,7,1.0,1.0,128,30.609375
reference,original,stable,uncertainty,Back Pain,0.01027996636774112,7.0,128,1,0.78125,57,57,17.68421052631579,18.0,128,21.125
reference,original,stable,uncertainty,Epigastric Pain,0.00635819367814629,5.0,128,1,0.78125,41,41,17.682926829268293,18.0,128,22.078125
reference,original,stable,uncertainty,Relation with exercise,0.07338175708832079,16.5,128,8,6.25,40,40,14.525,18.0,128,21.515625
reference,original,stable,uncertainty,Relation with Position,0.02071488082849471,13.0,128,2,1.5625,24,24,17.458333333333332,19.5,128,23.8515625
reference,original,stable,uncertainty,Dyspnea,0.02071488082849471,13.0,128,2,1.5625,12,12,15.666666666666666,18.5,128,24.796875
reference,original,stable,uncertainty,Fatigue,1e-12,1.5,128,0,0.0,8,8,19.125,19.5,128,26.125
reference,original,stable,uncertainty,Nausea,0.02071488082849471,13.0,128,2,1.5625,6,6,13.833333333333334,18.5,128,26.734375
reference,original,stable,uncertainty,Çarpıntı,0.00283061490515114,3.0,128,8,6.25,8,8,1.0,1.0,128,40.3671875
reference,original,stable,uncertainty,Recent Infection(4 hafta),0.36534506309380776,41.0,128,7,5.46875,33,33,8.575757575757576,8.0,128,23.4609375
reference,original,stable,uncertainty,TROP_KATSAYISI,0.23636945365165837,30.0,128,6,4.6875,30,30,8.533333333333333,8.5,128,28.5859375
reference,original,stable,uncertainty,CK-MB,0.1231067721762661,23.0,128,29,22.65625,38,38,4.078947368421052,3.0,128,29.4140625
reference,original,stable,uncertainty,GLUKOZ,0.24023255290666903,31.0,128,15,11.71875,45,45,8.088888888888889,8.0,128,26.4375
reference,original,stable,uncertainty,WBCpik,0.20131791050285874,28.0,128,30,23.4375,62,62,6.0,6.0,128,21.6953125
reference,original,stable,uncertainty,NEUpik,0.19519885826993577,27.0,128,33,25.78125,70,70,6.742857142857143,6.0,128,20.5546875
reference,original,stable,uncertainty,LYMPpik,0.2071864910246896,29.0,128,24,18.75,61,61,7.311475409836065,7.0,128,22.59375
reference,original,stable,uncertainty,EOSpik,0.16267622571063461,26.0,128,25,19.53125,56,56,5.857142857142857,6.0,128,24.0390625
reference,original,stable,uncertainty,MONOpik,0.25533139768830004,33.0,128,11,8.59375,43,43,7.976744186046512,8.0,128,26.0859375
reference,original,stable,uncertainty,HB,0.3461961100869093,39.0,128,12,9.375,90,90,8.9,9.0,128,17.390625
reference,original,stable,uncertainty,HTC,0.38777313345011427,43.0,128,19,14.84375,63,63,7.603174603174603,7.0,128,21.0390625
reference,original,stable,uncertainty,PLT,0.15278727766403172,24.0,128,34,26.5625,65,65,6.446153846153846,5.0,128,22.046875
reference,original,stable,uncertainty,KREATIN,0.10353183137493421,21.0,128,35,27.34375,54,54,4.833333333333333,4.0,128,23.8203125
reference,original,stable,uncertainty,AST,0.2450304525055541,32.0,128,14,10.9375,39,39,7.358974358974359,7.0,128,27.7578125
reference,original,stable,uncertainty,ALT,0.09675269925166126,20.0,128,31,24.21875,40,40,4.625,2.0,128,29.390625
reference,original,stable,uncertainty,TOTAL_KOLESTEROL,0.27821577159014776,35.0,128,29,22.65625,66,66,6.924242424242424,6.0,128,21.125
reference,original,stable,uncertainty,TG,0.36626215238448107,42.0,128,14,10.9375,51,51,8.372549019607844,8.0,128,24.6328125
reference,original,stable,uncertainty,LDL,0.3061346455946382,37.0,128,18,14.0625,54,54,8.12962962962963,7.5,128,24.3359375
reference,original,stable,uncertainty,HDL,0.2848042088524271,36.0,128,21,16.40625,47,47,6.702127659574468,7.0,128,26.4375
reference,original,stable,uncertainty,hs-CRP_KATSAYISI,0.32418846323041517,38.0,128,16,12.5,27,27,5.925925925925926,4.0,128,28.25
reference,original,stable,low_score,AGE,0.8423996035041833,44.0,128,58,45.3125,76,76,3.4473684210526314,3.0,76,3.4473684210526314
reference,original,stable,low_score,SEX,0.010419457768073702,8.0,128,3,2.34375,106,106,10.830188679245284,11.0,106,10.830188679245284
reference,original,stable,low_score,DM,0.07338175708832079,16.5,128,1,0.78125,11,11,9.636363636363637,9.0,11,9.636363636363637
reference,original,stable,low_score,HT,0.07634607001328039,18.0,128,5,3.90625,18,18,7.777777777777778,7.5,18,7.777777777777778
reference,original,stable,low_score,HL,0.019252451329638272,10.5,128,0,0.0,3,3,14.0,14.0,3,14.0
reference,original,stable,low_score,FH,0.019252451329638272,10.5,128,0,0.0,3,3,11.333333333333334,12.0,3,11.333333333333334
reference,original,stable,low_score,SIGARA,0.1624837665351631,25.0,128,77,60.15625,83,83,2.9036144578313254,3.0,83,2.9036144578313254
reference,original,stable,low_score,KBY,0.00635819367814629,5.0,128,0,0.0,1,1,16.0,16.0,1,16.0
reference,original,stable,low_score,PRIOR_KAH,0.08760679070487096,19.0,128,0,0.0,13,13,9.76923076923077,9.0,13,9.76923076923077
reference,original,stable,low_score,KOAH,0.00635819367814629,5.0,128,0,0.0,1,1,17.0,17.0,1,17.0
reference,original,stable,low_score,Chest Pain,0.031309689273031203,15.0,128,0,0.0,0,0,,,0,
reference,original,stable,low_score,Chest Pain Character,0.27752552669453606,34.0,128,43,33.59375,54,54,4.388888888888889,4.0,54,4.388888888888889
reference,original,stable,low_score,Any Previous Pain Attacks,0.1225096299346061,22.0,128,4,3.125,11,11,7.545454545454546,8.0,11,7.545454545454546
reference,original,stable,low_score,Chest Pain Duration(saat),0.3593300269065588,40.0,128,14,10.9375,40,40,7.4,7.0,40,7.4
reference,original,stable,low_score,Radiation,1e-12,1.5,128,0,0.0,0,0,,,0,
reference,original,stable,low_score,Arm Pain,0.01287484662652141,9.0,128,0,0.0,7,7,13.857142857142858,14.0,7,13.857142857142858
reference,original,stable,low_score,Back Pain,0.01027996636774112,7.0,128,0,0.0,1,1,8.0,8.0,1,8.0
reference,original,stable,low_score,Epigastric Pain,0.00635819367814629,5.0,128,0,0.0,1,1,12.0,12.0,1,12.0
reference,original,stable,low_score,Relation with exercise,0.07338175708832079,16.5,128,0,0.0,11,11,9.909090909090908,10.0,11,9.909090909090908
reference,original,stable,low_score,Relation with Position,0.02071488082849471,13.0,128,0,0.0,2,2,7.5,7.5,2,7.5
reference,original,stable,low_score,Dyspnea,0.02071488082849471,13.0,128,0,0.0,2,2,9.5,9.5,2,9.5
reference,original,stable,low_score,Fatigue,1e-12,1.5,128,0,0.0,0,0,,,0,
reference,original,stable,low_score,Nausea,0.02071488082849471,13.0,128,0,0.0,2,2,11.5,11.5,2,11.5
reference,original,stable,low_score,Çarpıntı,0.00283061490515114,3.0,128,1,0.78125,8,8,11.125,12.0,8,11.125
reference,original,stable,low_score,Recent Infection(4 hafta),0.36534506309380776,41.0,128,27,21.09375,31,31,3.6774193548387095,3.0,31,3.6774193548387095
reference,original,stable,low_score,TROP_KATSAYISI,0.23636945365165837,30.0,128,18,14.0625,30,30,5.3,5.0,30,5.3
reference,original,stable,low_score,CK-MB,0.1231067721762661,23.0,128,6,4.6875,37,37,9.405405405405405,10.0,38,9.710526315789474
reference,original,stable,low_score,GLUKOZ,0.24023255290666903,31.0,128,25,19.53125,45,45,6.4222222222222225,5.0,45,6.4222222222222225
reference,original,stable,low_score,WBCpik,0.20131791050285874,28.0,128,14,10.9375,62,62,8.53225806451613,8.0,62,8.53225806451613
reference,original,stable,low_score,NEUpik,0.19519885826993577,27.0,128,25,19.53125,70,70,7.514285714285714,7.0,70,7.514285714285714
reference,original,stable,low_score,LYMPpik,0.2071864910246896,29.0,128,29,22.65625,62,62,6.483870967741935,6.5,62,6.483870967741935
reference,original,stable,low_score,EOSpik,0.16267622571063461,26.0,128,18,14.0625,56,56,8.232142857142858,8.0,56,8.232142857142858
reference,original,stable,low_score,MONOpik,0.25533139768830004,33.0,128,14,10.9375,43,43,6.72093023255814,8.0,43,6.72093023255814
reference,original,stable,low_score,HB,0.3461961100869093,39.0,128,55,42.96875,90,90,4.5,4.0,90,4.5
reference,original,stable,low_score,HTC,0.38777313345011427,43.0,128,24,18.75,63,63,6.333333333333333,6.0,63,6.333333333333333
reference,original,stable,low_score,PLT,0.15278727766403172,24.0,128,28,21.875,65,65,7.292307692307692,7.0,65,7.292307692307692
reference,original,stable,low_score,KREATIN,0.10353183137493421,21.0,128,10,7.8125,54,54,8.722222222222221,8.5,54,8.722222222222221
reference,original,stable,low_score,AST,0.2450304525055541,32.0,128,18,14.0625,39,39,6.384615384615385,6.0,39,6.384615384615385
reference,original,stable,low_score,ALT,0.09675269925166126,20.0,128,8,6.25,40,40,9.6,10.0,40,9.6
reference,original,stable,low_score,TOTAL_KOLESTEROL,0.27821577159014776,35.0,128,27,21.09375,66,66,6.909090909090909,7.0,66,6.909090909090909
reference,original,stable,low_score,TG,0.36626215238448107,42.0,128,23,17.96875,51,51,6.137254901960785,6.0,51,6.137254901960785
reference,original,stable,low_score,LDL,0.3061346455946382,37.0,128,26,20.3125,54,54,6.388888888888889,6.0,54,6.388888888888889
reference,original,stable,low_score,HDL,0.2848042088524271,36.0,128,25,19.53125,47,47,5.74468085106383,5.0,47,5.74468085106383
reference,original,stable,low_score,hs-CRP_KATSAYISI,0.32418846323041517,38.0,128,11,8.59375,27,27,6.962962962962963,7.0,27,6.962962962962963
reference,original,app_quicksort,uncertainty,AGE,0.8423996035041833,44.0,128,12,9.375,76,76,9.986842105263158,10.0,128,19.09375
reference,original,app_quicksort,uncertainty,SEX,0.010419457768073702,8.0,128,100,78.125,106,106,2.3207547169811322,2.0,128,9.484375
reference,original,app_quicksort,uncertainty,DM,0.07338175708832079,16.5,128,7,5.46875,41,41,13.682926829268293,15.0,128,20.40625
reference,original,app_quicksort,uncertainty,HT,0.07634607001328039,18.0,128,8,6.25,18,18,6.222222222222222,6.0,128,26.2109375
reference,original,app_quicksort,uncertainty,HL,0.019252451329638272,10.5,128,3,2.34375,31,31,15.67741935483871,17.0,128,21.8359375
reference,original,app_quicksort,uncertainty,FH,0.019252451329638272,10.5,128,3,2.34375,37,37,16.10810810810811,18.0,128,21.71875
reference,original,app_quicksort,uncertainty,SIGARA,0.1624837665351631,25.0,128,3,2.34375,83,83,10.626506024096386,11.0,128,19.015625
reference,original,app_quicksort,uncertainty,KBY,0.00635819367814629,5.0,128,1,0.78125,32,32,17.5625,18.0,128,22.9609375
reference,original,app_quicksort,uncertainty,PRIOR_KAH,0.08760679070487096,19.0,128,9,7.03125,51,51,14.529411764705882,17.0,128,20.4296875
reference,original,app_quicksort,uncertainty,KOAH,0.00635819367814629,5.0,128,1,0.78125,51,51,17.529411764705884,18.0,128,22.0546875
reference,original,app_quicksort,uncertainty,Chest Pain,0.031309689273031203,15.0,128,0,0.0,57,57,17.87719298245614,19.0,128,22.2421875
reference,original,app_quicksort,uncertainty,Chest Pain Character,0.27752552669453606,34.0,128,4,3.125,55,55,9.836363636363636,9.0,128,20.453125
reference,original,app_quicksort,uncertainty,Any Previous Pain Attacks,0.1225096299346061,22.0,128,9,7.03125,60,60,14.916666666666666,17.0,128,20.140625
reference,original,app_quicksort,uncertainty,Chest Pain Duration(saat),0.3593300269065588,40.0,128,23,17.96875,40,40,5.3,5.0,128,25.1875
reference,original,app_quicksort,uncertainty,Radiation,1e-12,1.5,128,0,0.0,41,41,14.829268292682928,17.0,128,22.09375
reference,original,app_quicksort,uncertainty,Arm Pain,0.01287484662652141,9.0,128,7,5.46875,7,7,1.0,1.0,128,30.609375
reference,original,app_quicksort,uncertainty,Back Pain,0.01027996636774112,7.0,128,1,0.78125,75,75,14.026666666666667,14.0,128,19.4140625
reference,original,app_quicksort,uncertainty,Epigastric Pain,0.00635819367814629,5.0,128,1,0.78125,92,92,14.652173913043478,14.0,128,18.2265625
reference,original,app_quicksort,uncertainty,Relation with exercise,0.07338175708832079,16.5,128,8,6.25,105,105,13.542857142857143,14.0,128,15.875
reference,original,app_quicksort,uncertainty,Relation with Position,0.02071488082849471,13.0,128,2,1.5625,109,109,14.229357798165138,15.0,128,16.046875
reference,original,app_quicksort,uncertainty,Dyspnea,0.02071488082849471,13.0,128,3,2.34375,117,117,13.794871794871796,14.0,128,14.984375
reference,original,app_quicksort,uncertainty,Fatigue,1e-12,1.5,128,1,0.78125,119,119,13.470588235294118,14.0,128,14.4609375
reference,original,app_quicksort,uncertainty,Nausea,0.02071488082849471,13.0,128,3,2.34375,115,115,16.62608695652174,17.0,128,17.59375
reference,original,app_quicksort,uncertainty,Çarpıntı,0.00283061490515114,3.0,128,8,6.25,8,8,1.0,1.0,128,40.3671875
reference,original,app_quicksort,uncertainty,Recent Infection(4 hafta),0.36534506309380776,41.0,128,7,5.46875,33,33,8.575757575757576,8.0,128,23.4609375
reference,original,app_quicksort,uncertainty,TROP_KATSAYISI,0.23636945365165837,30.0,128,6,4.6875,30,30,8.533333333333333,8.5,128,28.5859375
reference,original,app_quicksort,uncertainty,CK-MB,0.1231067721762661,23.0,128,29,22.65625,38,38,4.078947368421052,3.0,128,29.4140625
reference,original,app_quicksort,uncertainty,GLUKOZ,0.24023255290666903,31.0,128,15,11.71875,45,45,8.088888888888889,8.0,128,26.4375
reference,original,app_quicksort,uncertainty,WBCpik,0.20131791050285874,28.0,128,30,23.4375,62,62,6.0,6.0,128,21.6953125
reference,original,app_quicksort,uncertainty,NEUpik,0.19519885826993577,27.0,128,33,25.78125,70,70,6.742857142857143,6.0,128,20.5546875
reference,original,app_quicksort,uncertainty,LYMPpik,0.2071864910246896,29.0,128,24,18.75,61,61,7.311475409836065,7.0,128,22.59375
reference,original,app_quicksort,uncertainty,EOSpik,0.16267622571063461,26.0,128,25,19.53125,56,56,5.857142857142857,6.0,128,24.0390625
reference,original,app_quicksort,uncertainty,MONOpik,0.25533139768830004,33.0,128,11,8.59375,43,43,7.976744186046512,8.0,128,26.0859375
reference,original,app_quicksort,uncertainty,HB,0.3461961100869093,39.0,128,12,9.375,90,90,8.9,9.0,128,17.390625
reference,original,app_quicksort,uncertainty,HTC,0.38777313345011427,43.0,128,19,14.84375,63,63,7.603174603174603,7.0,128,21.0390625
reference,original,app_quicksort,uncertainty,PLT,0.15278727766403172,24.0,128,34,26.5625,65,65,6.446153846153846,5.0,128,22.046875
reference,original,app_quicksort,uncertainty,KREATIN,0.10353183137493421,21.0,128,35,27.34375,54,54,4.833333333333333,4.0,128,23.8203125
reference,original,app_quicksort,uncertainty,AST,0.2450304525055541,32.0,128,14,10.9375,39,39,7.358974358974359,7.0,128,27.7578125
reference,original,app_quicksort,uncertainty,ALT,0.09675269925166126,20.0,128,31,24.21875,40,40,4.625,2.0,128,29.390625
reference,original,app_quicksort,uncertainty,TOTAL_KOLESTEROL,0.27821577159014776,35.0,128,29,22.65625,66,66,6.924242424242424,6.0,128,21.125
reference,original,app_quicksort,uncertainty,TG,0.36626215238448107,42.0,128,14,10.9375,51,51,8.372549019607844,8.0,128,24.6328125
reference,original,app_quicksort,uncertainty,LDL,0.3061346455946382,37.0,128,18,14.0625,54,54,8.12962962962963,7.5,128,24.3359375
reference,original,app_quicksort,uncertainty,HDL,0.2848042088524271,36.0,128,21,16.40625,47,47,6.702127659574468,7.0,128,26.4375
reference,original,app_quicksort,uncertainty,hs-CRP_KATSAYISI,0.32418846323041517,38.0,128,16,12.5,27,27,5.925925925925926,4.0,128,28.25
reference,original,app_quicksort,low_score,AGE,0.8423996035041833,44.0,128,58,45.3125,76,76,3.4473684210526314,3.0,76,3.4473684210526314
reference,original,app_quicksort,low_score,SEX,0.010419457768073702,8.0,128,3,2.34375,106,106,10.830188679245284,11.0,106,10.830188679245284
reference,original,app_quicksort,low_score,DM,0.07338175708832079,16.5,128,1,0.78125,11,11,9.636363636363637,9.0,11,9.636363636363637
reference,original,app_quicksort,low_score,HT,0.07634607001328039,18.0,128,5,3.90625,18,18,7.777777777777778,7.5,18,7.777777777777778
reference,original,app_quicksort,low_score,HL,0.019252451329638272,10.5,128,0,0.0,3,3,14.0,14.0,3,14.0
reference,original,app_quicksort,low_score,FH,0.019252451329638272,10.5,128,0,0.0,3,3,11.333333333333334,12.0,3,11.333333333333334
reference,original,app_quicksort,low_score,SIGARA,0.1624837665351631,25.0,128,77,60.15625,83,83,2.9036144578313254,3.0,83,2.9036144578313254
reference,original,app_quicksort,low_score,KBY,0.00635819367814629,5.0,128,0,0.0,1,1,16.0,16.0,1,16.0
reference,original,app_quicksort,low_score,PRIOR_KAH,0.08760679070487096,19.0,128,0,0.0,13,13,9.76923076923077,9.0,13,9.76923076923077
reference,original,app_quicksort,low_score,KOAH,0.00635819367814629,5.0,128,0,0.0,1,1,17.0,17.0,1,17.0
reference,original,app_quicksort,low_score,Chest Pain,0.031309689273031203,15.0,128,0,0.0,0,0,,,0,
reference,original,app_quicksort,low_score,Chest Pain Character,0.27752552669453606,34.0,128,43,33.59375,54,54,4.388888888888889,4.0,54,4.388888888888889
reference,original,app_quicksort,low_score,Any Previous Pain Attacks,0.1225096299346061,22.0,128,4,3.125,11,11,7.545454545454546,8.0,11,7.545454545454546
reference,original,app_quicksort,low_score,Chest Pain Duration(saat),0.3593300269065588,40.0,128,14,10.9375,40,40,7.4,7.0,40,7.4
reference,original,app_quicksort,low_score,Radiation,1e-12,1.5,128,0,0.0,0,0,,,0,
reference,original,app_quicksort,low_score,Arm Pain,0.01287484662652141,9.0,128,0,0.0,7,7,13.857142857142858,14.0,7,13.857142857142858
reference,original,app_quicksort,low_score,Back Pain,0.01027996636774112,7.0,128,0,0.0,1,1,8.0,8.0,1,8.0
reference,original,app_quicksort,low_score,Epigastric Pain,0.00635819367814629,5.0,128,0,0.0,1,1,12.0,12.0,1,12.0
reference,original,app_quicksort,low_score,Relation with exercise,0.07338175708832079,16.5,128,0,0.0,11,11,9.909090909090908,10.0,11,9.909090909090908
reference,original,app_quicksort,low_score,Relation with Position,0.02071488082849471,13.0,128,0,0.0,2,2,7.5,7.5,2,7.5
reference,original,app_quicksort,low_score,Dyspnea,0.02071488082849471,13.0,128,0,0.0,2,2,9.5,9.5,2,9.5
reference,original,app_quicksort,low_score,Fatigue,1e-12,1.5,128,0,0.0,0,0,,,0,
reference,original,app_quicksort,low_score,Nausea,0.02071488082849471,13.0,128,0,0.0,2,2,11.5,11.5,2,11.5
reference,original,app_quicksort,low_score,Çarpıntı,0.00283061490515114,3.0,128,1,0.78125,8,8,11.125,12.0,8,11.125
reference,original,app_quicksort,low_score,Recent Infection(4 hafta),0.36534506309380776,41.0,128,27,21.09375,31,31,3.6774193548387095,3.0,31,3.6774193548387095
reference,original,app_quicksort,low_score,TROP_KATSAYISI,0.23636945365165837,30.0,128,18,14.0625,30,30,5.3,5.0,30,5.3
reference,original,app_quicksort,low_score,CK-MB,0.1231067721762661,23.0,128,6,4.6875,37,37,9.405405405405405,10.0,38,9.710526315789474
reference,original,app_quicksort,low_score,GLUKOZ,0.24023255290666903,31.0,128,25,19.53125,45,45,6.4222222222222225,5.0,45,6.4222222222222225
reference,original,app_quicksort,low_score,WBCpik,0.20131791050285874,28.0,128,14,10.9375,62,62,8.53225806451613,8.0,62,8.53225806451613
reference,original,app_quicksort,low_score,NEUpik,0.19519885826993577,27.0,128,25,19.53125,70,70,7.514285714285714,7.0,70,7.514285714285714
reference,original,app_quicksort,low_score,LYMPpik,0.2071864910246896,29.0,128,29,22.65625,62,62,6.483870967741935,6.5,62,6.483870967741935
reference,original,app_quicksort,low_score,EOSpik,0.16267622571063461,26.0,128,18,14.0625,56,56,8.232142857142858,8.0,56,8.232142857142858
reference,original,app_quicksort,low_score,MONOpik,0.25533139768830004,33.0,128,14,10.9375,43,43,6.72093023255814,8.0,43,6.72093023255814
reference,original,app_quicksort,low_score,HB,0.3461961100869093,39.0,128,55,42.96875,90,90,4.5,4.0,90,4.5
reference,original,app_quicksort,low_score,HTC,0.38777313345011427,43.0,128,24,18.75,63,63,6.333333333333333,6.0,63,6.333333333333333
reference,original,app_quicksort,low_score,PLT,0.15278727766403172,24.0,128,28,21.875,65,65,7.292307692307692,7.0,65,7.292307692307692
reference,original,app_quicksort,low_score,KREATIN,0.10353183137493421,21.0,128,10,7.8125,54,54,8.722222222222221,8.5,54,8.722222222222221
reference,original,app_quicksort,low_score,AST,0.2450304525055541,32.0,128,18,14.0625,39,39,6.384615384615385,6.0,39,6.384615384615385
reference,original,app_quicksort,low_score,ALT,0.09675269925166126,20.0,128,8,6.25,40,40,9.6,10.0,40,9.6
reference,original,app_quicksort,low_score,TOTAL_KOLESTEROL,0.27821577159014776,35.0,128,27,21.09375,66,66,6.909090909090909,7.0,66,6.909090909090909
reference,original,app_quicksort,low_score,TG,0.36626215238448107,42.0,128,23,17.96875,51,51,6.137254901960785,6.0,51,6.137254901960785
reference,original,app_quicksort,low_score,LDL,0.3061346455946382,37.0,128,26,20.3125,54,54,6.388888888888889,6.0,54,6.388888888888889
reference,original,app_quicksort,low_score,HDL,0.2848042088524271,36.0,128,25,19.53125,47,47,5.74468085106383,5.0,47,5.74468085106383
reference,original,app_quicksort,low_score,hs-CRP_KATSAYISI,0.32418846323041517,38.0,128,11,8.59375,27,27,6.962962962962963,7.0,27,6.962962962962963
complete_cohort,original,stable,uncertainty,AGE,0.8423996035041833,44.0,160,15,9.375,95,95,9.947368421052632,10.0,160,19.125
complete_cohort,original,stable,uncertainty,SEX,0.010419457768073702,8.0,160,125,78.125,134,134,2.485074626865672,2.0,160,9.23125
complete_cohort,original,stable,uncertainty,DM,0.07338175708832079,16.5,160,10,6.25,158,158,11.873417721518987,12.0,160,11.99375
complete_cohort,original,stable,uncertainty,HT,0.07634607001328039,18.0,160,8,5.0,25,25,7.16,7.0,160,25.975
complete_cohort,original,stable,uncertainty,HL,0.019252451329638272,10.5,160,4,2.5,156,156,13.23076923076923,13.0,160,13.44375
complete_cohort,original,stable,uncertainty,FH,0.019252451329638272,10.5,160,3,1.875,152,152,14.05921052631579,14.0,160,14.45
complete_cohort,original,stable,uncertainty,SIGARA,0.1624837665351631,25.0,160,5,3.125,104,104,10.807692307692308,11.0,160,19.09375
complete_cohort,original,stable,uncertainty,KBY,0.00635819367814629,5.0,160,1,0.625,145,145,14.903448275862068,15.0,160,15.56875
complete_cohort,original,stable,uncertainty,PRIOR_KAH,0.08760679070487096,19.0,160,10,6.25,141,141,14.361702127659575,15.0,160,15.2875
complete_cohort,original,stable,uncertainty,KOAH,0.00635819367814629,5.0,160,4,2.5,120,120,15.408333333333333,16.0,160,17.0875
complete_cohort,original,stable,uncertainty,Chest Pain,0.031309689273031203,15.0,160,0,0.0,106,106,16.650943396226417,17.0,160,19.50625
complete_cohort,original,stable,uncertainty,Chest Pain Character,0.27752552669453606,34.0,160,5,3.125,72,72,9.972222222222221,9.5,160,20.23125
complete_cohort,original,stable,uncertainty,Any Previous Pain Attacks,0.1225096299346061,22.0,160,9,5.625,97,97,15.587628865979381,17.0,160,18.50625
complete_cohort,original,stable,uncertainty,Chest Pain Duration(saat),0.3593300269065588,40.0,160,26,16.25,51,51,5.764705882352941,5.0,160,25.09375
complete_cohort,original,stable,uncertainty,Radiation,1e-12,1.5,160,0,0.0,80,80,17.375,18.0,160,20.4375
complete_cohort,original,stable,uncertainty,Arm Pain,0.01287484662652141,9.0,160,8,5.0,8,8,1.125,1.0,160,30.85
complete_cohort,original,stable,uncertainty,Back Pain,0.01027996636774112,7.0,160,4,2.5,71,71,16.985915492957748,18.0,160,20.8875
complete_cohort,original,stable,uncertainty,Epigastric Pain,0.00635819367814629,5.0,160,1,0.625,50,50,17.74,18.0,160,22.275
complete_cohort,original,stable,uncertainty,Relation with exercise,0.07338175708832079,16.5,160,11,6.875,50,50,14.16,17.5,160,21.4875
complete_cohort,original,stable,uncertainty,Relation with Position,0.02071488082849471,13.0,160,3,1.875,30,30,17.166666666666668,19.0,160,23.9375
complete_cohort,original,stable,uncertainty,Dyspnea,0.02071488082849471,13.0,160,4,2.5,19,19,15.31578947368421,19.0,160,24.71875
complete_cohort,original,stable,uncertainty,Fatigue,1e-12,1.5,160,0,0.0,10,10,19.3,20.0,160,26.3625
complete_cohort,original,stable,uncertainty,Nausea,0.02071488082849471,13.0,160,2,1.25,6,6,13.833333333333334,18.5,160,26.95
complete_cohort,original,stable,uncertainty,Çarpıntı,0.00283061490515114,3.0,160,9,5.625,9,9,1.0,1.0,160,40.65
complete_cohort,original,stable,uncertainty,Recent Infection(4 hafta),0.36534506309380776,41.0,160,9,5.625,42,42,8.571428571428571,8.0,160,23.475
complete_cohort,original,stable,uncertainty,TROP_KATSAYISI,0.23636945365165837,30.0,160,8,5.0,36,36,8.277777777777779,8.0,160,28.8375
complete_cohort,original,stable,uncertainty,CK-MB,0.1231067721762661,23.0,160,36,22.5,49,49,4.591836734693878,3.0,160,29.375
complete_cohort,original,stable,uncertainty,GLUKOZ,0.24023255290666903,31.0,160,21,13.125,60,60,7.766666666666667,7.5,160,25.5375
complete_cohort,original,stable,uncertainty,WBCpik,0.20131791050285874,28.0,160,36,22.5,80,80,6.5125,6.0,160,21.6125
complete_cohort,original,stable,uncertainty,NEUpik,0.19519885826993577,27.0,160,41,25.625,81,81,6.617283950617284,5.0,160,21.76875
complete_cohort,original,stable,uncertainty,LYMPpik,0.2071864910246896,29.0,160,30,18.75,75,75,7.506666666666667,7.0,160,22.96875
complete_cohort,original,stable,uncertainty,EOSpik,0.16267622571063461,26.0,160,36,22.5,76,76,5.7105263157894735,6.0,160,22.59375
complete_cohort,original,stable,uncertainty,MONOpik,0.25533139768830004,33.0,160,11,6.875,52,52,8.307692307692308,8.5,160,26.5
complete_cohort,original,stable,uncertainty,HB,0.3461961100869093,39.0,160,14,8.75,114,114,9.18421052631579,9.0,160,17.29375
complete_cohort,original,stable,uncertainty,HTC,0.38777313345011427,43.0,160,22,13.75,85,85,7.894117647058824,7.0,160,20.175
complete_cohort,original,stable,uncertainty,PLT,0.15278727766403172,24.0,160,45,28.125,86,86,6.337209302325581,5.0,160,21.0625
complete_cohort,original,stable,uncertainty,KREATIN,0.10353183137493421,21.0,160,43,26.875,67,67,4.746268656716418,4.0,160,24.0375
complete_cohort,original,stable,uncertainty,AST,0.2450304525055541,32.0,160,19,11.875,49,49,7.224489795918367,6.0,160,27.70625
complete_cohort,original,stable,uncertainty,ALT,0.09675269925166126,20.0,160,45,28.125,58,58,4.844827586206897,2.5,160,27.80625
complete_cohort,original,stable,uncertainty,TOTAL_KOLESTEROL,0.27821577159014776,35.0,160,32,20.0,76,76,7.026315789473684,6.0,160,22.31875
complete_cohort,original,stable,uncertainty,TG,0.36626215238448107,42.0,160,16,10.0,62,62,8.548387096774194,8.0,160,25.0625
complete_cohort,original,stable,uncertainty,LDL,0.3061346455946382,37.0,160,21,13.125,65,65,8.307692307692308,8.0,160,24.7625
complete_cohort,original,stable,uncertainty,HDL,0.2848042088524271,36.0,160,29,18.125,60,60,6.633333333333334,6.5,160,26.23125
complete_cohort,original,stable,uncertainty,hs-CRP_KATSAYISI,0.32418846323041517,38.0,160,19,11.875,38,38,7.2105263157894735,5.5,160,27.725
complete_cohort,original,stable,low_score,AGE,0.8423996035041833,44.0,160,68,42.5,95,95,3.768421052631579,3.0,95,3.768421052631579
complete_cohort,original,stable,low_score,SEX,0.010419457768073702,8.0,160,6,3.75,134,134,10.835820895522389,11.0,134,10.835820895522389
complete_cohort,original,stable,low_score,DM,0.07338175708832079,16.5,160,1,0.625,13,13,9.846153846153847,10.0,13,9.846153846153847
complete_cohort,original,stable,low_score,HT,0.07634607001328039,18.0,160,8,5.0,25,25,7.52,7.0,25,7.52
complete_cohort,original,stable,low_score,HL,0.019252451329638272,10.5,160,0,0.0,3,3,14.0,14.0,3,14.0
complete_cohort,original,stable,low_score,FH,0.019252451329638272,10.5,160,0,0.0,3,3,11.333333333333334,12.0,3,11.333333333333334
complete_cohort,original,stable,low_score,SIGARA,0.1624837665351631,25.0,160,98,61.25,104,104,2.894230769230769,3.0,104,2.894230769230769
complete_cohort,original,stable,low_score,KBY,0.00635819367814629,5.0,160,0,0.0,1,1,16.0,16.0,1,16.0
complete_cohort,original,stable,low_score,PRIOR_KAH,0.08760679070487096,19.0,160,0,0.0,16,16,10.1875,10.0,16,10.1875
complete_cohort,original,stable,low_score,KOAH,0.00635819367814629,5.0,160,0,0.0,4,4,14.25,15.5,4,14.25
complete_cohort,original,stable,low_score,Chest Pain,0.031309689273031203,15.0,160,0,0.0,0,0,,,0,
complete_cohort,original,stable,low_score,Chest Pain Character,0.27752552669453606,34.0,160,58,36.25,71,71,4.253521126760563,4.0,71,4.253521126760563
complete_cohort,original,stable,low_score,Any Previous Pain Attacks,0.1225096299346061,22.0,160,4,2.5,11,11,7.545454545454546,8.0,11,7.545454545454546
complete_cohort,original,stable,low_score,Chest Pain Duration(saat),0.3593300269065588,40.0,160,17,10.625,51,51,7.431372549019608,7.0,51,7.431372549019608
complete_cohort,original,stable,low_score,Radiation,1e-12,1.5,160,0,0.0,0,0,,,0,
complete_cohort,original,stable,low_score,Arm Pain,0.01287484662652141,9.0,160,0,0.0,8,8,13.875,14.0,8,13.875
complete_cohort,original,stable,low_score,Back Pain,0.01027996636774112,7.0,160,0,0.0,4,4,13.0,12.5,4,13.0
complete_cohort,original,stable,low_score,Epigastric Pain,0.00635819367814629,5.0,160,0,0.0,1,1,12.0,12.0,1,12.0
complete_cohort,original,stable,low_score,Relation with exercise,0.07338175708832079,16.5,160,0,0.0,15,15,10.2,10.0,15,10.2
complete_cohort,original,stable,low_score,Relation with Position,0.02071488082849471,13.0,160,0,0.0,3,3,8.0,8.0,3,8.0
complete_cohort,original,stable,low_score,Dyspnea,0.02071488082849471,13.0,160,0,0.0,4,4,11.5,10.5,4,11.5
complete_cohort,original,stable,low_score,Fatigue,1e-12,1.5,160,0,0.0,0,0,,,0,
complete_cohort,original,stable,low_score,Nausea,0.02071488082849471,13.0,160,0,0.0,2,2,11.5,11.5,2,11.5
complete_cohort,original,stable,low_score,Çarpıntı,0.00283061490515114,3.0,160,1,0.625,9,9,11.555555555555555,12.0,9,11.555555555555555
complete_cohort,original,stable,low_score,Recent Infection(4 hafta),0.36534506309380776,41.0,160,35,21.875,40,40,3.625,3.0,40,3.625
complete_cohort,original,stable,low_score,TROP_KATSAYISI,0.23636945365165837,30.0,160,19,11.875,36,36,6.0,5.0,36,6.0
complete_cohort,original,stable,low_score,CK-MB,0.1231067721762661,23.0,160,10,6.25,48,48,9.625,10.0,49,9.857142857142858
complete_cohort,original,stable,low_score,GLUKOZ,0.24023255290666903,31.0,160,29,18.125,60,60,6.766666666666667,6.0,60,6.766666666666667
complete_cohort,original,stable,low_score,WBCpik,0.20131791050285874,28.0,160,20,12.5,80,80,8.3375,8.0,80,8.3375
complete_cohort,original,stable,low_score,NEUpik,0.19519885826993577,27.0,160,27,16.875,81,81,7.925925925925926,8.0,81,7.925925925925926
complete_cohort,original,stable,low_score,LYMPpik,0.2071864910246896,29.0,160,33,20.625,76,76,6.7368421052631575,7.0,76,6.7368421052631575
complete_cohort,original,stable,low_score,EOSpik,0.16267622571063461,26.0,160,23,14.375,76,76,8.210526315789474,8.5,76,8.210526315789474
complete_cohort,original,stable,low_score,MONOpik,0.25533139768830004,33.0,160,18,11.25,52,52,6.75,7.0,52,6.75
complete_cohort,original,stable,low_score,HB,0.3461961100869093,39.0,160,70,43.75,114,114,4.526315789473684,4.0,114,4.526315789473684
complete_cohort,original,stable,low_score,HTC,0.38777313345011427,43.0,160,36,22.5,85,85,6.152941176470589,6.0,85,6.152941176470589
complete_cohort,original,stable,low_score,PLT,0.15278727766403172,24.0,160,34,21.25,86,86,7.616279069767442,8.0,86,7.616279069767442
complete_cohort,original,stable,low_score,KREATIN,0.10353183137493421,21.0,160,11,6.875,67,67,8.82089552238806,8.0,67,8.82089552238806
complete_cohort,original,stable,low_score,AST,0.2450304525055541,32.0,160,21,13.125,49,49,6.959183673469388,7.0,49,6.959183673469388
complete_cohort,original,stable,low_score,ALT,0.09675269925166126,20.0,160,11,6.875,58,58,9.706896551724139,10.0,58,9.706896551724139
complete_cohort,original,stable,low_score,TOTAL_KOLESTEROL,0.27821577159014776,35.0,160,31,19.375,76,76,6.842105263157895,7.0,76,6.842105263157895
complete_cohort,original,stable,low_score,TG,0.36626215238448107,42.0,160,30,18.75,62,62,6.080645161290323,6.0,62,6.080645161290323
complete_cohort,original,stable,low_score,LDL,0.3061346455946382,37.0,160,30,18.75,65,65,6.492307692307692,6.0,65,6.492307692307692
complete_cohort,original,stable,low_score,HDL,0.2848042088524271,36.0,160,30,18.75,60,60,6.0,5.5,60,6.0
complete_cohort,original,stable,low_score,hs-CRP_KATSAYISI,0.32418846323041517,38.0,160,18,11.25,38,38,6.684210526315789,6.5,38,6.684210526315789
complete_cohort,original,app_quicksort,uncertainty,AGE,0.8423996035041833,44.0,160,15,9.375,95,95,9.947368421052632,10.0,160,19.125
complete_cohort,original,app_quicksort,uncertainty,SEX,0.010419457768073702,8.0,160,125,78.125,134,134,2.485074626865672,2.0,160,9.23125
complete_cohort,original,app_quicksort,uncertainty,DM,0.07338175708832079,16.5,160,8,5.0,56,56,14.107142857142858,17.0,160,20.18125
complete_cohort,original,app_quicksort,uncertainty,HT,0.07634607001328039,18.0,160,8,5.0,25,25,7.16,7.0,160,25.975
complete_cohort,original,app_quicksort,uncertainty,HL,0.019252451329638272,10.5,160,3,1.875,43,43,16.46511627906977,18.0,160,21.8
complete_cohort,original,app_quicksort,uncertainty,FH,0.019252451329638272,10.5,160,3,1.875,50,50,16.48,18.0,160,21.63125
complete_cohort,original,app_quicksort,uncertainty,SIGARA,0.1624837665351631,25.0,160,5,3.125,104,104,10.807692307692308,11.0,160,19.09375
complete_cohort,original,app_quicksort,uncertainty,KBY,0.00635819367814629,5.0,160,1,0.625,41,41,17.51219512195122,18.0,160,22.80625
complete_cohort,original,app_quicksort,uncertainty,PRIOR_KAH,0.08760679070487096,19.0,160,10,6.25,62,62,14.580645161290322,17.0,160,20.525
complete_cohort,original,app_quicksort,uncertainty,KOAH,0.00635819367814629,5.0,160,4,2.5,66,66,16.681818181818183,18.0,160,21.6375
complete_cohort,original,app_quicksort,uncertainty,Chest Pain,0.031309689273031203,15.0,160,0,0.0,70,70,17.714285714285715,18.0,160,22.525
complete_cohort,original,app_quicksort,uncertainty,Chest Pain Character,0.27752552669453606,34.0,160,5,3.125,72,72,9.972222222222221,9.5,160,20.23125
complete_cohort,original,app_quicksort,uncertainty,Any Previous Pain Attacks,0.1225096299346061,22.0,160,9,5.625,71,71,15.084507042253522,17.0,160,20.64375
complete_cohort,original,app_quicksort,uncertainty,Chest Pain Duration(saat),0.3593300269065588,40.0,160,26,16.25,51,51,5.764705882352941,5.0,160,25.09375
complete_cohort,original,app_quicksort,uncertainty,Radiation,1e-12,1.5,160,0,0.0,51,51,15.254901960784315,17.0,160,22.2
complete_cohort,original,app_quicksort,uncertainty,Arm Pain,0.01287484662652141,9.0,160,8,5.0,8,8,1.125,1.0,160,30.85
complete_cohort,original,app_quicksort,uncertainty,Back Pain,0.01027996636774112,7.0,160,4,2.5,93,93,13.548387096774194,13.0,160,19.1875
complete_cohort,original,app_quicksort,uncertainty,Epigastric Pain,0.00635819367814629,5.0,160,1,0.625,112,112,14.669642857142858,14.0,160,18.54375
complete_cohort,original,app_quicksort,uncertainty,Relation with exercise,0.07338175708832079,16.5,160,11,6.875,129,129,13.527131782945736,14.0,160,16.0875
complete_cohort,original,app_quicksort,uncertainty,Relation with Position,0.02071488082849471,13.0,160,3,1.875,129,129,14.116279069767442,15.0,160,16.51875
complete_cohort,original,app_quicksort,uncertainty,Dyspnea,0.02071488082849471,13.0,160,5,3.125,142,142,13.661971830985916,14.0,160,15.33125
complete_cohort,original,app_quicksort,uncertainty,Fatigue,1e-12,1.5,160,1,0.625,142,142,13.422535211267606,13.5,160,15.13125
complete_cohort,original,app_quicksort,uncertainty,Nausea,0.02071488082849471,13.0,160,3,1.875,134,134,16.51492537313433,17.0,160,18.15
complete_cohort,original,app_quicksort,uncertainty,Çarpıntı,0.00283061490515114,3.0,160,9,5.625,9,9,1.0,1.0,160,40.65
complete_cohort,original,app_quicksort,uncertainty,Recent Infection(4 hafta),0.36534506309380776,41.0,160,9,5.625,42,42,8.571428571428571,8.0,160,23.475
complete_cohort,original,app_quicksort,uncertainty,TROP_KATSAYISI,0.23636945365165837,30.0,160,8,5.0,36,36,8.277777777777779,8.0,160,28.8375
complete_cohort,original,app_quicksort,uncertainty,CK-MB,0.1231067721762661,23.0,160,36,22.5,49,49,4.591836734693878,3.0,160,29.375
complete_cohort,original,app_quicksort,uncertainty,GLUKOZ,0.24023255290666903,31.0,160,21,13.125,60,60,7.766666666666667,7.5,160,25.5375
complete_cohort,original,app_quicksort,uncertainty,WBCpik,0.20131791050285874,28.0,160,36,22.5,80,80,6.5125,6.0,160,21.6125
complete_cohort,original,app_quicksort,uncertainty,NEUpik,0.19519885826993577,27.0,160,41,25.625,81,81,6.617283950617284,5.0,160,21.76875
complete_cohort,original,app_quicksort,uncertainty,LYMPpik,0.2071864910246896,29.0,160,30,18.75,75,75,7.506666666666667,7.0,160,22.96875
complete_cohort,original,app_quicksort,uncertainty,EOSpik,0.16267622571063461,26.0,160,36,22.5,76,76,5.7105263157894735,6.0,160,22.59375
complete_cohort,original,app_quicksort,uncertainty,MONOpik,0.25533139768830004,33.0,160,11,6.875,52,52,8.307692307692308,8.5,160,26.5
complete_cohort,original,app_quicksort,uncertainty,HB,0.3461961100869093,39.0,160,14,8.75,114,114,9.18421052631579,9.0,160,17.29375
complete_cohort,original,app_quicksort,uncertainty,HTC,0.38777313345011427,43.0,160,22,13.75,85,85,7.894117647058824,7.0,160,20.175
complete_cohort,original,app_quicksort,uncertainty,PLT,0.15278727766403172,24.0,160,45,28.125,86,86,6.337209302325581,5.0,160,21.0625
complete_cohort,original,app_quicksort,uncertainty,KREATIN,0.10353183137493421,21.0,160,43,26.875,67,67,4.746268656716418,4.0,160,24.0375
complete_cohort,original,app_quicksort,uncertainty,AST,0.2450304525055541,32.0,160,19,11.875,49,49,7.224489795918367,6.0,160,27.70625
complete_cohort,original,app_quicksort,uncertainty,ALT,0.09675269925166126,20.0,160,45,28.125,58,58,4.844827586206897,2.5,160,27.80625
complete_cohort,original,app_quicksort,uncertainty,TOTAL_KOLESTEROL,0.27821577159014776,35.0,160,32,20.0,76,76,7.026315789473684,6.0,160,22.31875
complete_cohort,original,app_quicksort,uncertainty,TG,0.36626215238448107,42.0,160,16,10.0,62,62,8.548387096774194,8.0,160,25.0625
complete_cohort,original,app_quicksort,uncertainty,LDL,0.3061346455946382,37.0,160,21,13.125,65,65,8.307692307692308,8.0,160,24.7625
complete_cohort,original,app_quicksort,uncertainty,HDL,0.2848042088524271,36.0,160,29,18.125,60,60,6.633333333333334,6.5,160,26.23125
complete_cohort,original,app_quicksort,uncertainty,hs-CRP_KATSAYISI,0.32418846323041517,38.0,160,19,11.875,38,38,7.2105263157894735,5.5,160,27.725
complete_cohort,original,app_quicksort,low_score,AGE,0.8423996035041833,44.0,160,68,42.5,95,95,3.768421052631579,3.0,95,3.768421052631579
complete_cohort,original,app_quicksort,low_score,SEX,0.010419457768073702,8.0,160,6,3.75,134,134,10.835820895522389,11.0,134,10.835820895522389
complete_cohort,original,app_quicksort,low_score,DM,0.07338175708832079,16.5,160,1,0.625,13,13,9.846153846153847,10.0,13,9.846153846153847
complete_cohort,original,app_quicksort,low_score,HT,0.07634607001328039,18.0,160,8,5.0,25,25,7.52,7.0,25,7.52
complete_cohort,original,app_quicksort,low_score,HL,0.019252451329638272,10.5,160,0,0.0,3,3,14.0,14.0,3,14.0
complete_cohort,original,app_quicksort,low_score,FH,0.019252451329638272,10.5,160,0,0.0,3,3,11.333333333333334,12.0,3,11.333333333333334
complete_cohort,original,app_quicksort,low_score,SIGARA,0.1624837665351631,25.0,160,98,61.25,104,104,2.894230769230769,3.0,104,2.894230769230769
complete_cohort,original,app_quicksort,low_score,KBY,0.00635819367814629,5.0,160,0,0.0,1,1,16.0,16.0,1,16.0
complete_cohort,original,app_quicksort,low_score,PRIOR_KAH,0.08760679070487096,19.0,160,0,0.0,16,16,10.1875,10.0,16,10.1875
complete_cohort,original,app_quicksort,low_score,KOAH,0.00635819367814629,5.0,160,0,0.0,4,4,14.25,15.5,4,14.25
complete_cohort,original,app_quicksort,low_score,Chest Pain,0.031309689273031203,15.0,160,0,0.0,0,0,,,0,
complete_cohort,original,app_quicksort,low_score,Chest Pain Character,0.27752552669453606,34.0,160,58,36.25,71,71,4.253521126760563,4.0,71,4.253521126760563
complete_cohort,original,app_quicksort,low_score,Any Previous Pain Attacks,0.1225096299346061,22.0,160,4,2.5,11,11,7.545454545454546,8.0,11,7.545454545454546
complete_cohort,original,app_quicksort,low_score,Chest Pain Duration(saat),0.3593300269065588,40.0,160,17,10.625,51,51,7.431372549019608,7.0,51,7.431372549019608
complete_cohort,original,app_quicksort,low_score,Radiation,1e-12,1.5,160,0,0.0,0,0,,,0,
complete_cohort,original,app_quicksort,low_score,Arm Pain,0.01287484662652141,9.0,160,0,0.0,8,8,13.875,14.0,8,13.875
complete_cohort,original,app_quicksort,low_score,Back Pain,0.01027996636774112,7.0,160,0,0.0,4,4,13.0,12.5,4,13.0
complete_cohort,original,app_quicksort,low_score,Epigastric Pain,0.00635819367814629,5.0,160,0,0.0,1,1,12.0,12.0,1,12.0
complete_cohort,original,app_quicksort,low_score,Relation with exercise,0.07338175708832079,16.5,160,0,0.0,15,15,10.2,10.0,15,10.2
complete_cohort,original,app_quicksort,low_score,Relation with Position,0.02071488082849471,13.0,160,0,0.0,3,3,8.0,8.0,3,8.0
complete_cohort,original,app_quicksort,low_score,Dyspnea,0.02071488082849471,13.0,160,0,0.0,4,4,11.5,10.5,4,11.5
complete_cohort,original,app_quicksort,low_score,Fatigue,1e-12,1.5,160,0,0.0,0,0,,,0,
complete_cohort,original,app_quicksort,low_score,Nausea,0.02071488082849471,13.0,160,0,0.0,2,2,11.5,11.5,2,11.5
complete_cohort,original,app_quicksort,low_score,Çarpıntı,0.00283061490515114,3.0,160,1,0.625,9,9,11.555555555555555,12.0,9,11.555555555555555
complete_cohort,original,app_quicksort,low_score,Recent Infection(4 hafta),0.36534506309380776,41.0,160,35,21.875,40,40,3.625,3.0,40,3.625
complete_cohort,original,app_quicksort,low_score,TROP_KATSAYISI,0.23636945365165837,30.0,160,19,11.875,36,36,6.0,5.0,36,6.0
complete_cohort,original,app_quicksort,low_score,CK-MB,0.1231067721762661,23.0,160,10,6.25,48,48,9.625,10.0,49,9.857142857142858
complete_cohort,original,app_quicksort,low_score,GLUKOZ,0.24023255290666903,31.0,160,29,18.125,60,60,6.766666666666667,6.0,60,6.766666666666667
complete_cohort,original,app_quicksort,low_score,WBCpik,0.20131791050285874,28.0,160,20,12.5,80,80,8.3375,8.0,80,8.3375
complete_cohort,original,app_quicksort,low_score,NEUpik,0.19519885826993577,27.0,160,27,16.875,81,81,7.925925925925926,8.0,81,7.925925925925926
complete_cohort,original,app_quicksort,low_score,LYMPpik,0.2071864910246896,29.0,160,33,20.625,76,76,6.7368421052631575,7.0,76,6.7368421052631575
complete_cohort,original,app_quicksort,low_score,EOSpik,0.16267622571063461,26.0,160,23,14.375,76,76,8.210526315789474,8.5,76,8.210526315789474
complete_cohort,original,app_quicksort,low_score,MONOpik,0.25533139768830004,33.0,160,18,11.25,52,52,6.75,7.0,52,6.75
complete_cohort,original,app_quicksort,low_score,HB,0.3461961100869093,39.0,160,70,43.75,114,114,4.526315789473684,4.0,114,4.526315789473684
complete_cohort,original,app_quicksort,low_score,HTC,0.38777313345011427,43.0,160,36,22.5,85,85,6.152941176470589,6.0,85,6.152941176470589
complete_cohort,original,app_quicksort,low_score,PLT,0.15278727766403172,24.0,160,34,21.25,86,86,7.616279069767442,8.0,86,7.616279069767442
complete_cohort,original,app_quicksort,low_score,KREATIN,0.10353183137493421,21.0,160,11,6.875,67,67,8.82089552238806,8.0,67,8.82089552238806
complete_cohort,original,app_quicksort,low_score,AST,0.2450304525055541,32.0,160,21,13.125,49,49,6.959183673469388,7.0,49,6.959183673469388
complete_cohort,original,app_quicksort,low_score,ALT,0.09675269925166126,20.0,160,11,6.875,58,58,9.706896551724139,10.0,58,9.706896551724139
complete_cohort,original,app_quicksort,low_score,TOTAL_KOLESTEROL,0.27821577159014776,35.0,160,31,19.375,76,76,6.842105263157895,7.0,76,6.842105263157895
complete_cohort,original,app_quicksort,low_score,TG,0.36626215238448107,42.0,160,30,18.75,62,62,6.080645161290323,6.0,62,6.080645161290323
complete_cohort,original,app_quicksort,low_score,LDL,0.3061346455946382,37.0,160,30,18.75,65,65,6.492307692307692,6.0,65,6.492307692307692
complete_cohort,original,app_quicksort,low_score,HDL,0.2848042088524271,36.0,160,30,18.75,60,60,6.0,5.5,60,6.0
complete_cohort,original,app_quicksort,low_score,hs-CRP_KATSAYISI,0.32418846323041517,38.0,160,18,11.25,38,38,6.684210526315789,6.5,38,6.684210526315789
