scenario,feature,djs,unfloored_djs,tau_bits,affected,multiplicative_score_change_factor
p01,AGE,0.8423996035041833,0.8423996035041833,1e-12,False,1.0
p01,SEX,0.010419457768073702,0.010419457768073702,1e-12,False,1.0
p01,DM,0.07338175708832079,0.07338175708832079,1e-12,False,1.0
p01,HT,0.07634607001328039,0.07634607001328039,1e-12,False,1.0
p01,HL,0.019252451329638272,0.019252451329638272,1e-12,False,1.0
p01,FH,0.019252451329638272,0.019252451329638272,1e-12,False,1.0
p01,SIGARA,0.1624837665351631,0.1624837665351631,1e-12,False,1.0
p01,KBY,0.00635819367814629,0.00635819367814629,1e-12,False,1.0
p01,PRIOR_KAH,0.08760679070487096,0.08760679070487096,1e-12,False,1.0
p01,KOAH,0.00635819367814629,0.00635819367814629,1e-12,False,1.0
p01,Chest Pain,0.031309689273031203,0.031309689273031203,1e-12,False,1.0
p01,Chest Pain Character,0.27752552669453606,0.27752552669453606,1e-12,False,1.0
p01,Any Previous Pain Attacks,0.1225096299346061,0.1225096299346061,1e-12,False,1.0
p01,Chest Pain Duration(saat),0.3593300269065588,0.3593300269065588,1e-12,False,1.0
p01,Radiation,1e-12,0.0,1e-12,False,1.0
p01,Arm Pain,0.01287484662652141,0.01287484662652141,1e-12,False,1.0
p01,Back Pain,0.01027996636774112,0.01027996636774112,1e-12,False,1.0
p01,Epigastric Pain,0.00635819367814629,0.00635819367814629,1e-12,False,1.0
p01,Relation with exercise,0.07338175708832079,0.07338175708832079,1e-12,False,1.0
p01,Relation with Position,0.02071488082849471,0.02071488082849471,1e-12,False,1.0
p01,Dyspnea,0.02071488082849471,0.02071488082849471,1e-12,False,1.0
p01,Fatigue,1e-12,0.0,1e-12,False,1.0
p01,Nausea,0.02071488082849471,0.02071488082849471,1e-12,False,1.0
p01,Çarpıntı,0.00283061490515114,0.00283061490515114,1e-12,False,1.0
p01,Recent Infection(4 hafta),0.36534506309380776,0.36534506309380776,1e-12,False,1.0
p01,TROP_KATSAYISI,0.23636945365165837,0.23636945365165837,1e-12,False,1.0
p01,CK-MB,0.1231067721762661,0.1231067721762661,1e-12,False,1.0
p01,GLUKOZ,0.24023255290666903,0.24023255290666903,1e-12,False,1.0
p01,WBCpik,0.20131791050285874,0.20131791050285874,1e-12,False,1.0
p01,NEUpik,0.19519885826993577,0.19519885826993577,1e-12,False,1.0
p01,LYMPpik,0.2071864910246896,0.2071864910246896,1e-12,False,1.0
p01,EOSpik,0.16267622571063461,0.16267622571063461,1e-12,False,1.0
p01,MONOpik,0.25533139768830004,0.25533139768830004,1e-12,False,1.0
p01,HB,0.3461961100869093,0.3461961100869093,1e-12,False,1.0
p01,HTC,0.38777313345011427,0.38777313345011427,1e-12,False,1.0
p01,PLT,0.15278727766403172,0.15278727766403172,1e-12,False,1.0
p01,KREATIN,0.10353183137493421,0.10353183137493421,1e-12,False,1.0
p01,AST,0.2450304525055541,0.2450304525055541,1e-12,False,1.0
p01,ALT,0.09675269925166126,0.09675269925166126,1e-12,False,1.0
p01,TOTAL_KOLESTEROL,0.27821577159014776,0.27821577159014776,1e-12,False,1.0
p01,TG,0.36626215238448107,0.36626215238448107,1e-12,False,1.0
p01,LDL,0.3061346455946382,0.3061346455946382,1e-12,False,1.0
p01,HDL,0.2848042088524271,0.2848042088524271,1e-12,False,1.0
p01,hs-CRP_KATSAYISI,0.32418846323041517,0.32418846323041517,1e-12,False,1.0
p05,AGE,0.8423996035041833,0.8423996035041833,0.0033597517211004123,False,1.0
p05,SEX,0.010419457768073702,0.010419457768073702,0.0033597517211004123,False,1.0
p05,DM,0.07338175708832079,0.07338175708832079,0.0033597517211004123,False,1.0
p05,HT,0.07634607001328039,0.07634607001328039,0.0033597517211004123,False,1.0
p05,HL,0.019252451329638272,0.019252451329638272,0.0033597517211004123,False,1.0
p05,FH,0.019252451329638272,0.019252451329638272,0.0033597517211004123,False,1.0
p05,SIGARA,0.1624837665351631,0.1624837665351631,0.0033597517211004123,False,1.0
p05,KBY,0.00635819367814629,0.00635819367814629,0.0033597517211004123,False,1.0
p05,PRIOR_KAH,0.08760679070487096,0.08760679070487096,0.0033597517211004123,False,1.0
p05,KOAH,0.00635819367814629,0.00635819367814629,0.0033597517211004123,False,1.0
p05,Chest Pain,0.031309689273031203,0.031309689273031203,0.0033597517211004123,False,1.0
p05,Chest Pain Character,0.27752552669453606,0.27752552669453606,0.0033597517211004123,False,1.0
p05,Any Previous Pain Attacks,0.1225096299346061,0.1225096299346061,0.0033597517211004123,False,1.0
p05,Chest Pain Duration(saat),0.3593300269065588,0.3593300269065588,0.0033597517211004123,False,1.0
p05,Radiation,1e-12,0.0,0.0033597517211004123,True,5.952820819598129e-10
p05,Arm Pain,0.01287484662652141,0.01287484662652141,0.0033597517211004123,False,1.0
p05,Back Pain,0.01027996636774112,0.01027996636774112,0.0033597517211004123,False,1.0
p05,Epigastric Pain,0.00635819367814629,0.00635819367814629,0.0033597517211004123,False,1.0
p05,Relation with exercise,0.07338175708832079,0.07338175708832079,0.0033597517211004123,False,1.0
p05,Relation with Position,0.02071488082849471,0.02071488082849471,0.0033597517211004123,False,1.0
p05,Dyspnea,0.02071488082849471,0.02071488082849471,0.0033597517211004123,False,1.0
p05,Fatigue,1e-12,0.0,0.0033597517211004123,True,5.952820819598129e-10
p05,Nausea,0.02071488082849471,0.02071488082849471,0.0033597517211004123,False,1.0
p05,Çarpıntı,0.00283061490515114,0.00283061490515114,0.0033597517211004123,True,0.8425071672800655
p05,Recent Infection(4 hafta),0.36534506309380776,0.36534506309380776,0.0033597517211004123,False,1.0
p05,TROP_KATSAYISI,0.23636945365165837,0.23636945365165837,0.0033597517211004123,False,1.0
p05,CK-MB,0.1231067721762661,0.1231067721762661,0.0033597517211004123,False,1.0
p05,GLUKOZ,0.24023255290666903,0.24023255290666903,0.0033597517211004123,False,1.0
p05,WBCpik,0.20131791050285874,0.20131791050285874,0.0033597517211004123,False,1.0
p05,NEUpik,0.19519885826993577,0.19519885826993577,0.0033597517211004123,False,1.0
p05,LYMPpik,0.2071864910246896,0.2071864910246896,0.0033597517211004123,False,1.0
p05,EOSpik,0.16267622571063461,0.16267622571063461,0.0033597517211004123,False,1.0
p05,MONOpik,0.25533139768830004,0.25533139768830004,0.0033597517211004123,False,1.0
p05,HB,0.3461961100869093,0.3461961100869093,0.0033597517211004123,False,1.0
p05,HTC,0.38777313345011427,0.38777313345011427,0.0033597517211004123,False,1.0
p05,PLT,0.15278727766403172,0.15278727766403172,0.0033597517211004123,False,1.0
p05,KREATIN,0.10353183137493421,0.10353183137493421,0.0033597517211004123,False,1.0
p05,AST,0.2450304525055541,0.2450304525055541,0.0033597517211004123,False,1.0
p05,ALT,0.09675269925166126,0.09675269925166126,0.0033597517211004123,False,1.0
p05,TOTAL_KOLESTEROL,0.27821577159014776,0.27821577159014776,0.0033597517211004123,False,1.0
p05,TG,0.36626215238448107,0.36626215238448107,0.0033597517211004123,False,1.0
p05,LDL,0.3061346455946382,0.3061346455946382,0.0033597517211004123,False,1.0
p05,HDL,0.2848042088524271,0.2848042088524271,0.0033597517211004123,False,1.0
p05,hs-CRP_KATSAYISI,0.32418846323041517,0.32418846323041517,0.0033597517211004123,False,1.0
p10,AGE,0.8423996035041833,0.8423996035041833,0.00635819367814629,False,1.0
p10,SEX,0.010419457768073702,0.010419457768073702,0.00635819367814629,False,1.0
p10,DM,0.07338175708832079,0.07338175708832079,0.00635819367814629,False,1.0
p10,HT,0.07634607001328039,0.07634607001328039,0.00635819367814629,False,1.0
p10,HL,0.019252451329638272,0.019252451329638272,0.00635819367814629,False,1.0
p10,FH,0.019252451329638272,0.019252451329638272,0.00635819367814629,False,1.0
p10,SIGARA,0.1624837665351631,0.1624837665351631,0.00635819367814629,False,1.0
p10,KBY,0.00635819367814629,0.00635819367814629,0.00635819367814629,False,1.0
p10,PRIOR_KAH,0.08760679070487096,0.08760679070487096,0.00635819367814629,False,1.0
p10,KOAH,0.00635819367814629,0.00635819367814629,0.00635819367814629,False,1.0
p10,Chest Pain,0.031309689273031203,0.031309689273031203,0.00635819367814629,False,1.0
p10,Chest Pain Character,0.27752552669453606,0.27752552669453606,0.00635819367814629,False,1.0
p10,Any Previous Pain Attacks,0.1225096299346061,0.1225096299346061,0.00635819367814629,False,1.0
p10,Chest Pain Duration(saat),0.3593300269065588,0.3593300269065588,0.00635819367814629,False,1.0
p10,Radiation,1e-12,0.0,0.00635819367814629,True,3.1455474635188186e-10
p10,Arm Pain,0.01287484662652141,0.01287484662652141,0.00635819367814629,False,1.0
p10,Back Pain,0.01027996636774112,0.01027996636774112,0.00635819367814629,False,1.0
p10,Epigastric Pain,0.00635819367814629,0.00635819367814629,0.00635819367814629,False,1.0
p10,Relation with exercise,0.07338175708832079,0.07338175708832079,0.00635819367814629,False,1.0
p10,Relation with Position,0.02071488082849471,0.02071488082849471,0.00635819367814629,False,1.0
p10,Dyspnea,0.02071488082849471,0.02071488082849471,0.00635819367814629,False,1.0
p10,Fatigue,1e-12,0.0,0.00635819367814629,True,3.1455474635188186e-10
p10,Nausea,0.02071488082849471,0.02071488082849471,0.00635819367814629,False,1.0
p10,Çarpıntı,0.00283061490515114,0.00283061490515114,0.00635819367814629,True,0.4451916769121139
p10,Recent Infection(4 hafta),0.36534506309380776,0.36534506309380776,0.00635819367814629,False,1.0
p10,TROP_KATSAYISI,0.23636945365165837,0.23636945365165837,0.00635819367814629,False,1.0
p10,CK-MB,0.1231067721762661,0.1231067721762661,0.00635819367814629,False,1.0
p10,GLUKOZ,0.24023255290666903,0.24023255290666903,0.00635819367814629,False,1.0
p10,WBCpik,0.20131791050285874,0.20131791050285874,0.00635819367814629,False,1.0
p10,NEUpik,0.19519885826993577,0.19519885826993577,0.00635819367814629,False,1.0
p10,LYMPpik,0.2071864910246896,0.2071864910246896,0.00635819367814629,False,1.0
p10,EOSpik,0.16267622571063461,0.16267622571063461,0.00635819367814629,False,1.0
p10,MONOpik,0.25533139768830004,0.25533139768830004,0.00635819367814629,False,1.0
p10,HB,0.3461961100869093,0.3461961100869093,0.00635819367814629,False,1.0
p10,HTC,0.38777313345011427,0.38777313345011427,0.00635819367814629,False,1.0
p10,PLT,0.15278727766403172,0.15278727766403172,0.00635819367814629,False,1.0
p10,KREATIN,0.10353183137493421,0.10353183137493421,0.00635819367814629,False,1.0
p10,AST,0.2450304525055541,0.2450304525055541,0.00635819367814629,False,1.0
p10,ALT,0.09675269925166126,0.09675269925166126,0.00635819367814629,False,1.0
p10,TOTAL_KOLESTEROL,0.27821577159014776,0.27821577159014776,0.00635819367814629,False,1.0
p10,TG,0.36626215238448107,0.36626215238448107,0.00635819367814629,False,1.0
p10,LDL,0.3061346455946382,0.3061346455946382,0.00635819367814629,False,1.0
p10,HDL,0.2848042088524271,0.2848042088524271,0.00635819367814629,False,1.0
p10,hs-CRP_KATSAYISI,0.32418846323041517,0.32418846323041517,0.00635819367814629,False,1.0
supp_p01,AGE,0.8423996035041833,0.8423996035041833,0.004276922202079152,False,1.0
supp_p01,SEX,0.010419457768073702,0.010419457768073702,0.004276922202079152,False,1.0
supp_p01,DM,0.07338175708832079,0.07338175708832079,0.004276922202079152,False,1.0
supp_p01,HT,0.07634607001328039,0.07634607001328039,0.004276922202079152,False,1.0
supp_p01,HL,0.019252451329638272,0.019252451329638272,0.004276922202079152,False,1.0
supp_p01,FH,0.019252451329638272,0.019252451329638272,0.004276922202079152,False,1.0
supp_p01,SIGARA,0.1624837665351631,0.1624837665351631,0.004276922202079152,False,1.0
supp_p01,KBY,0.00635819367814629,0.00635819367814629,0.004276922202079152,False,1.0
supp_p01,PRIOR_KAH,0.08760679070487096,0.08760679070487096,0.004276922202079152,False,1.0
supp_p01,KOAH,0.00635819367814629,0.00635819367814629,0.004276922202079152,False,1.0
supp_p01,Chest Pain,0.031309689273031203,0.031309689273031203,0.004276922202079152,False,1.0
supp_p01,Chest Pain Character,0.27752552669453606,0.27752552669453606,0.004276922202079152,False,1.0
supp_p01,Any Previous Pain Attacks,0.1225096299346061,0.1225096299346061,0.004276922202079152,False,1.0
supp_p01,Chest Pain Duration(saat),0.3593300269065588,0.3593300269065588,0.004276922202079152,False,1.0
supp_p01,Radiation,1e-12,0.0,0.004276922202079152,True,4.676259948240602e-10
supp_p01,Arm Pain,0.01287484662652141,0.01287484662652141,0.004276922202079152,False,1.0
supp_p01,Back Pain,0.01027996636774112,0.01027996636774112,0.004276922202079152,False,1.0
supp_p01,Epigastric Pain,0.00635819367814629,0.00635819367814629,0.004276922202079152,False,1.0
supp_p01,Relation with exercise,0.07338175708832079,0.07338175708832079,0.004276922202079152,False,1.0
supp_p01,Relation with Position,0.02071488082849471,0.02071488082849471,0.004276922202079152,False,1.0
supp_p01,Dyspnea,0.02071488082849471,0.02071488082849471,0.004276922202079152,False,1.0
supp_p01,Fatigue,1e-12,0.0,0.004276922202079152,True,4.676259948240602e-10
supp_p01,Nausea,0.02071488082849471,0.02071488082849471,0.004276922202079152,False,1.0
supp_p01,Çarpıntı,0.00283061490515114,0.00283061490515114,0.004276922202079152,True,0.6618345557263704
supp_p01,Recent Infection(4 hafta),0.36534506309380776,0.36534506309380776,0.004276922202079152,False,1.0
supp_p01,TROP_KATSAYISI,0.23636945365165837,0.23636945365165837,0.004276922202079152,False,1.0
supp_p01,CK-MB,0.1231067721762661,0.1231067721762661,0.004276922202079152,False,1.0
supp_p01,GLUKOZ,0.24023255290666903,0.24023255290666903,0.004276922202079152,False,1.0
supp_p01,WBCpik,0.20131791050285874,0.20131791050285874,0.004276922202079152,False,1.0
supp_p01,NEUpik,0.19519885826993577,0.19519885826993577,0.004276922202079152,False,1.0
supp_p01,LYMPpik,0.2071864910246896,0.2071864910246896,0.004276922202079152,False,1.0
supp_p01,EOSpik,0.16267622571063461,0.16267622571063461,0.004276922202079152,False,1.0
supp_p01,MONOpik,0.25533139768830004,0.25533139768830004,0.004276922202079152,False,1.0
supp_p01,HB,0.3461961100869093,0.3461961100869093,0.004276922202079152,False,1.0
supp_p01,HTC,0.38777313345011427,0.38777313345011427,0.004276922202079152,False,1.0
supp_p01,PLT,0.15278727766403172,0.15278727766403172,0.004276922202079152,False,1.0
supp_p01,KREATIN,0.10353183137493421,0.10353183137493421,0.004276922202079152,False,1.0
supp_p01,AST,0.2450304525055541,0.2450304525055541,0.004276922202079152,False,1.0
supp_p01,ALT,0.09675269925166126,0.09675269925166126,0.004276922202079152,False,1.0
supp_p01,TOTAL_KOLESTEROL,0.27821577159014776,0.27821577159014776,0.004276922202079152,False,1.0
supp_p01,TG,0.36626215238448107,0.36626215238448107,0.004276922202079152,False,1.0
supp_p01,LDL,0.3061346455946382,0.3061346455946382,0.004276922202079152,False,1.0
supp_p01,HDL,0.2848042088524271,0.2848042088524271,0.004276922202079152,False,1.0
supp_p01,hs-CRP_KATSAYISI,0.32418846323041517,0.32418846323041517,0.004276922202079152,False,1.0
supp_p05,AGE,0.8423996035041833,0.8423996035041833,0.00635819367814629,False,1.0
supp_p05,SEX,0.010419457768073702,0.010419457768073702,0.00635819367814629,False,1.0
supp_p05,DM,0.07338175708832079,0.07338175708832079,0.00635819367814629,False,1.0
supp_p05,HT,0.07634607001328039,0.07634607001328039,0.00635819367814629,False,1.0
supp_p05,HL,0.019252451329638272,0.019252451329638272,0.00635819367814629,False,1.0
supp_p05,FH,0.019252451329638272,0.019252451329638272,0.00635819367814629,False,1.0
supp_p05,SIGARA,0.1624837665351631,0.1624837665351631,0.00635819367814629,False,1.0
supp_p05,KBY,0.00635819367814629,0.00635819367814629,0.00635819367814629,False,1.0
supp_p05,PRIOR_KAH,0.08760679070487096,0.08760679070487096,0.00635819367814629,False,1.0
supp_p05,KOAH,0.00635819367814629,0.00635819367814629,0.00635819367814629,False,1.0
supp_p05,Chest Pain,0.031309689273031203,0.031309689273031203,0.00635819367814629,False,1.0
supp_p05,Chest Pain Character,0.27752552669453606,0.27752552669453606,0.00635819367814629,False,1.0
supp_p05,Any Previous Pain Attacks,0.1225096299346061,0.1225096299346061,0.00635819367814629,False,1.0
supp_p05,Chest Pain Duration(saat),0.3593300269065588,0.3593300269065588,0.00635819367814629,False,1.0
supp_p05,Radiation,1e-12,0.0,0.00635819367814629,True,3.1455474635188186e-10
supp_p05,Arm Pain,0.01287484662652141,0.01287484662652141,0.00635819367814629,False,1.0
supp_p05,Back Pain,0.01027996636774112,0.01027996636774112,0.00635819367814629,False,1.0
supp_p05,Epigastric Pain,0.00635819367814629,0.00635819367814629,0.00635819367814629,False,1.0
supp_p05,Relation with exercise,0.07338175708832079,0.07338175708832079,0.00635819367814629,False,1.0
supp_p05,Relation with Position,0.02071488082849471,0.02071488082849471,0.00635819367814629,False,1.0
supp_p05,Dyspnea,0.02071488082849471,0.02071488082849471,0.00635819367814629,False,1.0
supp_p05,Fatigue,1e-12,0.0,0.00635819367814629,True,3.1455474635188186e-10
supp_p05,Nausea,0.02071488082849471,0.02071488082849471,0.00635819367814629,False,1.0
supp_p05,Çarpıntı,0.00283061490515114,0.00283061490515114,0.00635819367814629,True,0.4451916769121139
supp_p05,Recent Infection(4 hafta),0.36534506309380776,0.36534506309380776,0.00635819367814629,False,1.0
supp_p05,TROP_KATSAYISI,0.23636945365165837,0.23636945365165837,0.00635819367814629,False,1.0
supp_p05,CK-MB,0.1231067721762661,0.1231067721762661,0.00635819367814629,False,1.0
supp_p05,GLUKOZ,0.24023255290666903,0.24023255290666903,0.00635819367814629,False,1.0
supp_p05,WBCpik,0.20131791050285874,0.20131791050285874,0.00635819367814629,False,1.0
supp_p05,NEUpik,0.19519885826993577,0.19519885826993577,0.00635819367814629,False,1.0
supp_p05,LYMPpik,0.2071864910246896,0.2071864910246896,0.00635819367814629,False,1.0
supp_p05,EOSpik,0.16267622571063461,0.16267622571063461,0.00635819367814629,False,1.0
supp_p05,MONOpik,0.25533139768830004,0.25533139768830004,0.00635819367814629,False,1.0
supp_p05,HB,0.3461961100869093,0.3461961100869093,0.00635819367814629,False,1.0
supp_p05,HTC,0.38777313345011427,0.38777313345011427,0.00635819367814629,False,1.0
supp_p05,PLT,0.15278727766403172,0.15278727766403172,0.00635819367814629,False,1.0
supp_p05,KREATIN,0.10353183137493421,0.10353183137493421,0.00635819367814629,False,1.0
supp_p05,AST,0.2450304525055541,0.2450304525055541,0.00635819367814629,False,1.0
supp_p05,ALT,0.09675269925166126,0.09675269925166126,0.00635819367814629,False,1.0
supp_p05,TOTAL_KOLESTEROL,0.27821577159014776,0.27821577159014776,0.00635819367814629,False,1.0
supp_p05,TG,0.36626215238448107,0.36626215238448107,0.00635819367814629,False,1.0
supp_p05,LDL,0.3061346455946382,0.3061346455946382,0.00635819367814629,False,1.0
supp_p05,HDL,0.2848042088524271,0.2848042088524271,0.00635819367814629,False,1.0
supp_p05,hs-CRP_KATSAYISI,0.32418846323041517,0.32418846323041517,0.00635819367814629,False,1.0
supp_p10,AGE,0.8423996035041833,0.8423996035041833,0.010293915507774379,False,1.0
supp_p10,SEX,0.010419457768073702,0.010419457768073702,0.010293915507774379,False,1.0
supp_p10,DM,0.07338175708832079,0.07338175708832079,0.010293915507774379,False,1.0
supp_p10,HT,0.07634607001328039,0.07634607001328039,0.010293915507774379,False,1.0
supp_p10,HL,0.019252451329638272,0.019252451329638272,0.010293915507774379,False,1.0
supp_p10,FH,0.019252451329638272,0.019252451329638272,0.010293915507774379,False,1.0
supp_p10,SIGARA,0.1624837665351631,0.1624837665351631,0.010293915507774379,False,1.0
supp_p10,KBY,0.00635819367814629,0.00635819367814629,0.010293915507774379,True,0.6176652289137852
supp_p10,PRIOR_KAH,0.08760679070487096,0.08760679070487096,0.010293915507774379,False,1.0
supp_p10,KOAH,0.00635819367814629,0.00635819367814629,0.010293915507774379,True,0.6176652289137852
supp_p10,Chest Pain,0.031309689273031203,0.031309689273031203,0.010293915507774379,False,1.0
supp_p10,Chest Pain Character,0.27752552669453606,0.27752552669453606,0.010293915507774379,False,1.0
supp_p10,Any Previous Pain Attacks,0.1225096299346061,0.1225096299346061,0.010293915507774379,False,1.0
supp_p10,Chest Pain Duration(saat),0.3593300269065588,0.3593300269065588,0.010293915507774379,False,1.0
supp_p10,Radiation,1e-12,0.0,0.010293915507774379,True,1.9428952941135275e-10
supp_p10,Arm Pain,0.01287484662652141,0.01287484662652141,0.010293915507774379,False,1.0
supp_p10,Back Pain,0.01027996636774112,0.01027996636774112,0.010293915507774379,True,0.9986449140736225
supp_p10,Epigastric Pain,0.00635819367814629,0.00635819367814629,0.010293915507774379,True,0.6176652289137852
supp_p10,Relation with exercise,0.07338175708832079,0.07338175708832079,0.010293915507774379,False,1.0
supp_p10,Relation with Position,0.02071488082849471,0.02071488082849471,0.010293915507774379,False,1.0
supp_p10,Dyspnea,0.02071488082849471,0.02071488082849471,0.010293915507774379,False,1.0
supp_p10,Fatigue,1e-12,0.0,0.010293915507774379,True,1.9428952941135275e-10
supp_p10,Nausea,0.02071488082849471,0.02071488082849471,0.010293915507774379,False,1.0
supp_p10,Çarpıntı,0.00283061490515114,0.00283061490515114,0.010293915507774379,True,0.2749794190304327
supp_p10,Recent Infection(4 hafta),0.36534506309380776,0.36534506309380776,0.010293915507774379,False,1.0
supp_p10,TROP_KATSAYISI,0.23636945365165837,0.23636945365165837,0.010293915507774379,False,1.0
supp_p10,CK-MB,0.1231067721762661,0.1231067721762661,0.010293915507774379,False,1.0
supp_p10,GLUKOZ,0.24023255290666903,0.24023255290666903,0.010293915507774379,False,1.0
supp_p10,WBCpik,0.20131791050285874,0.20131791050285874,0.010293915507774379,False,1.0
supp_p10,NEUpik,0.19519885826993577,0.19519885826993577,0.010293915507774379,False,1.0
supp_p10,LYMPpik,0.2071864910246896,0.2071864910246896,0.010293915507774379,False,1.0
supp_p10,EOSpik,0.16267622571063461,0.16267622571063461,0.010293915507774379,False,1.0
supp_p10,MONOpik,0.25533139768830004,0.25533139768830004,0.010293915507774379,False,1.0
supp_p10,HB,0.3461961100869093,0.3461961100869093,0.010293915507774379,False,1.0
supp_p10,HTC,0.38777313345011427,0.38777313345011427,0.010293915507774379,False,1.0
supp_p10,PLT,0.15278727766403172,0.15278727766403172,0.010293915507774379,False,1.0
supp_p10,KREATIN,0.10353183137493421,0.10353183137493421,0.010293915507774379,False,1.0
supp_p10,AST,0.2450304525055541,0.2450304525055541,0.010293915507774379,False,1.0
supp_p10,ALT,0.09675269925166126,0.09675269925166126,0.010293915507774379,False,1.0
supp_p10,TOTAL_KOLESTEROL,0.27821577159014776,0.27821577159014776,0.010293915507774379,False,1.0
supp_p10,TG,0.36626215238448107,0.36626215238448107,0.010293915507774379,False,1.0
supp_p10,LDL,0.3061346455946382,0.3061346455946382,0.010293915507774379,False,1.0
supp_p10,HDL,0.2848042088524271,0.2848042088524271,0.010293915507774379,False,1.0
supp_p10,hs-CRP_KATSAYISI,0.32418846323041517,0.32418846323041517,0.010293915507774379,False,1.0
supp_p20,AGE,0.8423996035041833,0.8423996035041833,0.01954493722940956,False,1.0
supp_p20,SEX,0.010419457768073702,0.010419457768073702,0.01954493722940956,True,0.5331026468001282
supp_p20,DM,0.07338175708832079,0.07338175708832079,0.01954493722940956,False,1.0
supp_p20,HT,0.07634607001328039,0.07634607001328039,0.01954493722940956,False,1.0
supp_p20,HL,0.019252451329638272,0.019252451329638272,0.01954493722940956,True,0.9850352090506479
supp_p20,FH,0.019252451329638272,0.019252451329638272,0.01954493722940956,True,0.9850352090506479
supp_p20,SIGARA,0.1624837665351631,0.1624837665351631,0.01954493722940956,False,1.0
supp_p20,KBY,0.00635819367814629,0.00635819367814629,0.01954493722940956,True,0.3253115425335677
supp_p20,PRIOR_KAH,0.08760679070487096,0.08760679070487096,0.01954493722940956,False,1.0
supp_p20,KOAH,0.00635819367814629,0.00635819367814629,0.01954493722940956,True,0.3253115425335677
supp_p20,Chest Pain,0.031309689273031203,0.031309689273031203,0.01954493722940956,False,1.0
supp_p20,Chest Pain Character,0.27752552669453606,0.27752552669453606,0.01954493722940956,False,1.0
supp_p20,Any Previous Pain Attacks,0.1225096299346061,0.1225096299346061,0.01954493722940956,False,1.0
supp_p20,Chest Pain Duration(saat),0.3593300269065588,0.3593300269065588,0.01954493722940956,False,1.0
supp_p20,Radiation,1e-12,0.0,0.01954493722940956,True,1.0232828974698583e-10
supp_p20,Arm Pain,0.01287484662652141,0.01287484662652141,0.01954493722940956,True,0.6587305180745071
supp_p20,Back Pain,0.01027996636774112,0.01027996636774112,0.01954493722940956,True,0.5259656885849056
supp_p20,Epigastric Pain,0.00635819367814629,0.00635819367814629,0.01954493722940956,True,0.3253115425335677
supp_p20,Relation with exercise,0.07338175708832079,0.07338175708832079,0.01954493722940956,False,1.0
supp_p20,Relation with Position,0.02071488082849471,0.02071488082849471,0.01954493722940956,False,1.0
supp_p20,Dyspnea,0.02071488082849471,0.02071488082849471,0.01954493722940956,False,1.0
supp_p20,Fatigue,1e-12,0.0,0.01954493722940956,True,1.0232828974698583e-10
supp_p20,Nausea,0.02071488082849471,0.02071488082849471,0.01954493722940956,False,1.0
supp_p20,Çarpıntı,0.00283061490515114,0.00283061490515114,0.01954493722940956,True,0.1448259911393855
supp_p20,Recent Infection(4 hafta),0.36534506309380776,0.36534506309380776,0.01954493722940956,False,1.0
supp_p20,TROP_KATSAYISI,0.23636945365165837,0.23636945365165837,0.01954493722940956,False,1.0
supp_p20,CK-MB,0.1231067721762661,0.1231067721762661,0.01954493722940956,False,1.0
supp_p20,GLUKOZ,0.24023255290666903,0.24023255290666903,0.01954493722940956,False,1.0
supp_p20,WBCpik,0.20131791050285874,0.20131791050285874,0.01954493722940956,False,1.0
supp_p20,NEUpik,0.19519885826993577,0.19519885826993577,0.01954493722940956,False,1.0
supp_p20,LYMPpik,0.2071864910246896,0.2071864910246896,0.01954493722940956,False,1.0
supp_p20,EOSpik,0.16267622571063461,0.16267622571063461,0.01954493722940956,False,1.0
supp_p20,MONOpik,0.25533139768830004,0.25533139768830004,0.01954493722940956,False,1.0
supp_p20,HB,0.3461961100869093,0.3461961100869093,0.01954493722940956,False,1.0
supp_p20,HTC,0.38777313345011427,0.38777313345011427,0.01954493722940956,False,1.0
supp_p20,PLT,0.15278727766403172,0.15278727766403172,0.01954493722940956,False,1.0
supp_p20,KREATIN,0.10353183137493421,0.10353183137493421,0.01954493722940956,False,1.0
supp_p20,AST,0.2450304525055541,0.2450304525055541,0.01954493722940956,False,1.0
supp_p20,ALT,0.09675269925166126,0.09675269925166126,0.01954493722940956,False,1.0
supp_p20,TOTAL_KOLESTEROL,0.27821577159014776,0.27821577159014776,0.01954493722940956,False,1.0
supp_p20,TG,0.36626215238448107,0.36626215238448107,0.01954493722940956,False,1.0
supp_p20,LDL,0.3061346455946382,0.3061346455946382,0.01954493722940956,False,1.0
supp_p20,HDL,0.2848042088524271,0.2848042088524271,0.01954493722940956,False,1.0
supp_p20,hs-CRP_KATSAYISI,0.32418846323041517,0.32418846323041517,0.01954493722940956,False,1.0
supp_p25,AGE,0.8423996035041833,0.8423996035041833,0.02071488082849471,False,1.0
supp_p25,SEX,0.010419457768073702,0.010419457768073702,0.02071488082849471,True,0.5029938552307791
supp_p25,DM,0.07338175708832079,0.07338175708832079,0.02071488082849471,False,1.0
supp_p25,HT,0.07634607001328039,0.07634607001328039,0.02071488082849471,False,1.0
supp_p25,HL,0.019252451329638272,0.019252451329638272,0.02071488082849471,True,0.9294019834874373
supp_p25,FH,0.019252451329638272,0.019252451329638272,0.02071488082849471,True,0.9294019834874373
supp_p25,SIGARA,0.1624837665351631,0.1624837665351631,0.02071488082849471,False,1.0
supp_p25,KBY,0.00635819367814629,0.00635819367814629,0.02071488082849471,True,0.3069384628123581
supp_p25,PRIOR_KAH,0.08760679070487096,0.08760679070487096,0.02071488082849471,False,1.0
supp_p25,KOAH,0.00635819367814629,0.00635819367814629,0.02071488082849471,True,0.3069384628123581
supp_p25,Chest Pain,0.031309689273031203,0.031309689273031203,0.02071488082849471,False,1.0
supp_p25,Chest Pain Character,0.27752552669453606,0.27752552669453606,0.02071488082849471,False,1.0
supp_p25,Any Previous Pain Attacks,0.1225096299346061,0.1225096299346061,0.02071488082849471,False,1.0
supp_p25,Chest Pain Duration(saat),0.3593300269065588,0.3593300269065588,0.02071488082849471,False,1.0
supp_p25,Radiation,1e-12,0.0,0.02071488082849471,True,9.654895031557782e-11
supp_p25,Arm Pain,0.01287484662652141,0.01287484662652141,0.02071488082849471,True,0.6215264636806247
supp_p25,Back Pain,0.01027996636774112,0.01027996636774112,0.02071488082849471,True,0.49625998109069874
supp_p25,Epigastric Pain,0.00635819367814629,0.00635819367814629,0.02071488082849471,True,0.3069384628123581
supp_p25,Relation with exercise,0.07338175708832079,0.07338175708832079,0.02071488082849471,False,1.0
supp_p25,Relation with Position,0.02071488082849471,0.02071488082849471,0.02071488082849471,False,1.0
supp_p25,Dyspnea,0.02071488082849471,0.02071488082849471,0.02071488082849471,False,1.0
supp_p25,Fatigue,1e-12,0.0,0.02071488082849471,True,9.654895031557782e-11
supp_p25,Nausea,0.02071488082849471,0.02071488082849471,0.02071488082849471,False,1.0
supp_p25,Çarpıntı,0.00283061490515114,0.00283061490515114,0.02071488082849471,True,0.1366464489682602
supp_p25,Recent Infection(4 hafta),0.36534506309380776,0.36534506309380776,0.02071488082849471,False,1.0
supp_p25,TROP_KATSAYISI,0.23636945365165837,0.23636945365165837,0.02071488082849471,False,1.0
supp_p25,CK-MB,0.1231067721762661,0.1231067721762661,0.02071488082849471,False,1.0
supp_p25,GLUKOZ,0.24023255290666903,0.24023255290666903,0.02071488082849471,False,1.0
supp_p25,WBCpik,0.20131791050285874,0.20131791050285874,0.02071488082849471,False,1.0
supp_p25,NEUpik,0.19519885826993577,0.19519885826993577,0.02071488082849471,False,1.0
supp_p25,LYMPpik,0.2071864910246896,0.2071864910246896,0.02071488082849471,False,1.0
supp_p25,EOSpik,0.16267622571063461,0.16267622571063461,0.02071488082849471,False,1.0
supp_p25,MONOpik,0.25533139768830004,0.25533139768830004,0.02071488082849471,False,1.0
supp_p25,HB,0.3461961100869093,0.3461961100869093,0.02071488082849471,False,1.0
supp_p25,HTC,0.38777313345011427,0.38777313345011427,0.02071488082849471,False,1.0
supp_p25,PLT,0.15278727766403172,0.15278727766403172,0.02071488082849471,False,1.0
supp_p25,KREATIN,0.10353183137493421,0.10353183137493421,0.02071488082849471,False,1.0
supp_p25,AST,0.2450304525055541,0.2450304525055541,0.02071488082849471,False,1.0
supp_p25,ALT,0.09675269925166126,0.09675269925166126,0.02071488082849471,False,1.0
supp_p25,TOTAL_KOLESTEROL,0.27821577159014776,0.27821577159014776,0.02071488082849471,False,1.0
supp_p25,TG,0.36626215238448107,0.36626215238448107,0.02071488082849471,False,1.0
supp_p25,LDL,0.3061346455946382,0.3061346455946382,0.02071488082849471,False,1.0
supp_p25,HDL,0.2848042088524271,0.2848042088524271,0.02071488082849471,False,1.0
supp_p25,hs-CRP_KATSAYISI,0.32418846323041517,0.32418846323041517,0.02071488082849471,False,1.0
