scenario,sorting,population,panel,patients,top_five_membership_changed,top_five_order_changed,displayed_membership_changed,displayed_order_changed,full_order_changed
p01,app_quicksort,complete_cohort,low_score,160,0,0,0,0,0
p01,app_quicksort,complete_cohort,uncertainty,160,0,0,0,0,0
p01,app_quicksort,demonstration,low_score,10,0,0,0,0,0
p01,app_quicksort,demonstration,uncertainty,10,0,0,0,0,0
p01,app_quicksort,reference,low_score,128,0,0,0,0,0
p01,app_quicksort,reference,uncertainty,128,0,0,0,0,0
p01,stable,complete_cohort,low_score,160,0,0,0,0,0
p01,stable,complete_cohort,uncertainty,160,0,0,0,0,0
p01,stable,demonstration,low_score,10,0,0,0,0,0
p01,stable,demonstration,uncertainty,10,0,0,0,0,0
p01,stable,reference,low_score,128,0,0,0,0,0
p01,stable,reference,uncertainty,128,0,0,0,0,0
p05,app_quicksort,complete_cohort,low_score,160,0,0,0,0,0
p05,app_quicksort,complete_cohort,uncertainty,160,0,0,0,0,63
p05,app_quicksort,demonstration,low_score,10,0,0,0,0,0
p05,app_quicksort,demonstration,uncertainty,10,0,0,0,0,2
p05,app_quicksort,reference,low_score,128,0,0,0,0,0
p05,app_quicksort,reference,uncertainty,128,0,0,0,0,50
p05,stable,complete_cohort,low_score,160,0,0,0,0,0
p05,stable,complete_cohort,uncertainty,160,0,0,0,0,63
p05,stable,demonstration,low_score,10,0,0,0,0,0
p05,stable,demonstration,uncertainty,10,0,0,0,0,2
p05,stable,reference,low_score,128,0,0,0,0,0
p05,stable,reference,uncertainty,128,0,0,0,0,50
p10,app_quicksort,complete_cohort,low_score,160,0,0,0,0,0
p10,app_quicksort,complete_cohort,uncertainty,160,0,0,0,0,138
p10,app_quicksort,demonstration,low_score,10,0,0,0,0,0
p10,app_quicksort,demonstration,uncertainty,10,0,0,0,0,9
p10,app_quicksort,reference,low_score,128,0,0,0,0,0
p10,app_quicksort,reference,uncertainty,128,0,0,0,0,110
p10,stable,complete_cohort,low_score,160,0,0,0,0,0
p10,stable,complete_cohort,uncertainty,160,0,0,0,0,138
p10,stable,demonstration,low_score,10,0,0,0,0,0
p10,stable,demonstration,uncertainty,10,0,0,0,0,9
p10,stable,reference,low_score,128,0,0,0,0,0
p10,stable,reference,uncertainty,128,0,0,0,0,110
supp_p01,app_quicksort,complete_cohort,low_score,160,0,0,0,0,0
supp_p01,app_quicksort,complete_cohort,uncertainty,160,0,0,0,0,108
supp_p01,app_quicksort,demonstration,low_score,10,0,0,0,0,0
supp_p01,app_quicksort,demonstration,uncertainty,10,0,0,0,0,7
supp_p01,app_quicksort,reference,low_score,128,0,0,0,0,0
supp_p01,app_quicksort,reference,uncertainty,128,0,0,0,0,85
supp_p01,stable,complete_cohort,low_score,160,0,0,0,0,0
supp_p01,stable,complete_cohort,uncertainty,160,0,0,0,0,108
supp_p01,stable,demonstration,low_score,10,0,0,0,0,0
supp_p01,stable,demonstration,uncertainty,10,0,0,0,0,7
supp_p01,stable,reference,low_score,128,0,0,0,0,0
supp_p01,stable,reference,uncertainty,128,0,0,0,0,85
supp_p05,app_quicksort,complete_cohort,low_score,160,0,0,0,0,0
supp_p05,app_quicksort,complete_cohort,uncertainty,160,0,0,0,0,138
supp_p05,app_quicksort,demonstration,low_score,10,0,0,0,0,0
supp_p05,app_quicksort,demonstration,uncertainty,10,0,0,0,0,9
supp_p05,app_quicksort,reference,low_score,128,0,0,0,0,0
supp_p05,app_quicksort,reference,uncertainty,128,0,0,0,0,110
supp_p05,stable,complete_cohort,low_score,160,0,0,0,0,0
supp_p05,stable,complete_cohort,uncertainty,160,0,0,0,0,138
supp_p05,stable,demonstration,low_score,10,0,0,0,0,0
supp_p05,stable,demonstration,uncertainty,10,0,0,0,0,9
supp_p05,stable,reference,low_score,128,0,0,0,0,0
supp_p05,stable,reference,uncertainty,128,0,0,0,0,110
supp_p10,app_quicksort,complete_cohort,low_score,160,0,0,0,2,2
supp_p10,app_quicksort,complete_cohort,uncertainty,160,0,2,0,2,148
supp_p10,app_quicksort,demonstration,low_score,10,0,0,0,0,0
supp_p10,app_quicksort,demonstration,uncertainty,10,0,0,0,0,10
supp_p10,app_quicksort,reference,low_score,128,0,0,0,1,1
supp_p10,app_quicksort,reference,uncertainty,128,0,1,0,1,117
supp_p10,stable,complete_cohort,low_score,160,0,0,0,2,2
supp_p10,stable,complete_cohort,uncertainty,160,0,2,0,2,148
supp_p10,stable,demonstration,low_score,10,0,0,0,0,0
supp_p10,stable,demonstration,uncertainty,10,0,0,0,0,10
supp_p10,stable,reference,low_score,128,0,0,0,1,1
supp_p10,stable,reference,uncertainty,128,0,1,0,1,117
supp_p20,app_quicksort,complete_cohort,low_score,160,5,6,0,98,98
supp_p20,app_quicksort,complete_cohort,uncertainty,160,24,92,31,110,160
supp_p20,app_quicksort,demonstration,low_score,10,0,0,0,5,5
supp_p20,app_quicksort,demonstration,uncertainty,10,1,5,1,6,10
supp_p20,app_quicksort,reference,low_score,128,3,3,0,76,76
supp_p20,app_quicksort,reference,uncertainty,128,16,72,25,87,128
supp_p20,stable,complete_cohort,low_score,160,5,6,0,98,98
supp_p20,stable,complete_cohort,uncertainty,160,24,92,0,98,160
supp_p20,stable,demonstration,low_score,10,0,0,0,5,5
supp_p20,stable,demonstration,uncertainty,10,1,5,0,5,10
supp_p20,stable,reference,low_score,128,3,3,0,76,76
supp_p20,stable,reference,uncertainty,128,16,72,0,76,128
supp_p25,app_quicksort,complete_cohort,low_score,160,6,7,0,100,100
supp_p25,app_quicksort,complete_cohort,uncertainty,160,27,94,34,112,160
supp_p25,app_quicksort,demonstration,low_score,10,0,0,0,5,5
supp_p25,app_quicksort,demonstration,uncertainty,10,1,5,1,6,10
supp_p25,app_quicksort,reference,low_score,128,4,4,0,78,78
supp_p25,app_quicksort,reference,uncertainty,128,19,74,26,88,128
supp_p25,stable,complete_cohort,low_score,160,6,7,0,100,100
supp_p25,stable,complete_cohort,uncertainty,160,27,94,0,100,160
supp_p25,stable,demonstration,low_score,10,0,0,0,5,5
supp_p25,stable,demonstration,uncertainty,10,1,5,0,5,10
supp_p25,stable,reference,low_score,128,4,4,0,78,78
supp_p25,stable,reference,uncertainty,128,19,74,0,78,128
