sorting_app,scenario,population,panel,rank_measure,features_included_app,excluded_missing_app,rho_app,p_value_app,sorting_stable,features_included_stable,excluded_missing_stable,rho_stable,p_value_stable,rho_stable_minus_app
app_quicksort,original,complete_cohort,low_score,mean_displayed_rank,41,3,-0.8953286233439661,2.8219510225525143e-15,stable,41,3,-0.8953286233439661,2.8219510225525143e-15,0.0
app_quicksort,original,complete_cohort,low_score,mean_full_eligible_rank,41,3,-0.8936727055163077,3.774258839700694e-15,stable,41,3,-0.8936727055163077,3.774258839700694e-15,0.0
app_quicksort,original,complete_cohort,uncertainty,mean_displayed_rank,44,0,-0.3405950578227445,0.023677325309139508,stable,44,0,-0.3677383195204793,0.014056824543729137,-0.02714326169773479
app_quicksort,original,complete_cohort,uncertainty,mean_full_eligible_rank,44,0,0.25133069674610525,0.09982956973175883,stable,44,0,0.16221933610456893,0.29277570765070493,-0.08911136064153632
app_quicksort,original,demonstration,low_score,mean_displayed_rank,26,18,-0.37194196671134133,0.06134076927361812,stable,26,18,-0.37194196671134133,0.06134076927361812,0.0
app_quicksort,original,demonstration,low_score,mean_full_eligible_rank,26,18,-0.37194196671134133,0.06134076927361812,stable,26,18,-0.37194196671134133,0.06134076927361812,0.0
app_quicksort,original,demonstration,uncertainty,mean_displayed_rank,41,3,-0.529898902358598,0.0003665534463395852,stable,40,4,-0.5486459903258574,0.0002468264555469263,-0.018747087967259324
app_quicksort,original,demonstration,uncertainty,mean_full_eligible_rank,44,0,0.16123118397408612,0.29576521712552917,stable,44,0,0.09370703616917206,0.545164700274475,-0.06752414780491406
app_quicksort,original,reference,low_score,mean_displayed_rank,41,3,-0.8616994282065749,4.72030497641045e-13,stable,41,3,-0.8616994282065749,4.72030497641045e-13,0.0
app_quicksort,original,reference,low_score,mean_full_eligible_rank,41,3,-0.8584750270290219,7.17781403357577e-13,stable,41,3,-0.8584750270290219,7.17781403357577e-13,0.0
app_quicksort,original,reference,uncertainty,mean_displayed_rank,44,0,-0.34884378929971843,0.020298412773113346,stable,44,0,-0.37838411826426616,0.011321878665868725,-0.029540328964547724
app_quicksort,original,reference,uncertainty,mean_full_eligible_rank,44,0,0.24175128405592858,0.11388181762812959,stable,44,0,0.16124370677936029,0.29572720844433115,-0.08050757727656829
app_quicksort,p01,complete_cohort,low_score,mean_displayed_rank,41,3,-0.8953286233439661,2.8219510225525143e-15,stable,41,3,-0.8953286233439661,2.8219510225525143e-15,0.0
app_quicksort,p01,complete_cohort,low_score,mean_full_eligible_rank,41,3,-0.8936727055163077,3.774258839700694e-15,stable,41,3,-0.8936727055163077,3.774258839700694e-15,0.0
app_quicksort,p01,complete_cohort,uncertainty,mean_displayed_rank,44,0,-0.3405950578227445,0.023677325309139508,stable,44,0,-0.3677383195204793,0.014056824543729137,-0.02714326169773479
app_quicksort,p01,complete_cohort,uncertainty,mean_full_eligible_rank,44,0,0.25133069674610525,0.09982956973175883,stable,44,0,0.16221933610456893,0.29277570765070493,-0.08911136064153632
app_quicksort,p01,demonstration,low_score,mean_displayed_rank,26,18,-0.37194196671134133,0.06134076927361812,stable,26,18,-0.37194196671134133,0.06134076927361812,0.0
app_quicksort,p01,demonstration,low_score,mean_full_eligible_rank,26,18,-0.37194196671134133,0.06134076927361812,stable,26,18,-0.37194196671134133,0.06134076927361812,0.0
app_quicksort,p01,demonstration,uncertainty,mean_displayed_rank,41,3,-0.529898902358598,0.0003665534463395852,stable,40,4,-0.5486459903258574,0.0002468264555469263,-0.018747087967259324
app_quicksort,p01,demonstration,uncertainty,mean_full_eligible_rank,44,0,0.16123118397408612,0.29576521712552917,stable,44,0,0.09370703616917206,0.545164700274475,-0.06752414780491406
app_quicksort,p01,reference,low_score,mean_displayed_rank,41,3,-0.8616994282065749,4.72030497641045e-13,stable,41,3,-0.8616994282065749,4.72030497641045e-13,0.0
app_quicksort,p01,reference,low_score,mean_full_eligible_rank,41,3,-0.8584750270290219,7.17781403357577e-13,stable,41,3,-0.8584750270290219,7.17781403357577e-13,0.0
app_quicksort,p01,reference,uncertainty,mean_displayed_rank,44,0,-0.34884378929971843,0.020298412773113346,stable,44,0,-0.37838411826426616,0.011321878665868725,-0.029540328964547724
app_quicksort,p01,reference,uncertainty,mean_full_eligible_rank,44,0,0.24175128405592858,0.11388181762812959,stable,44,0,0.16124370677936029,0.29572720844433115,-0.08050757727656829
app_quicksort,p05,complete_cohort,low_score,mean_displayed_rank,41,3,-0.8953286233439661,2.8219510225525143e-15,stable,41,3,-0.8953286233439661,2.8219510225525143e-15,0.0
app_quicksort,p05,complete_cohort,low_score,mean_full_eligible_rank,41,3,-0.8936727055163077,3.774258839700694e-15,stable,41,3,-0.8936727055163077,3.774258839700694e-15,0.0
app_quicksort,p05,complete_cohort,uncertainty,mean_displayed_rank,44,0,-0.3405950578227445,0.023677325309139508,stable,44,0,-0.3677383195204793,0.014056824543729137,-0.02714326169773479
app_quicksort,p05,complete_cohort,uncertainty,mean_full_eligible_rank,44,0,0.25730603755630754,0.09176442677964876,stable,44,0,0.16221933610456893,0.29277570765070493,-0.09508670145173861
app_quicksort,p05,demonstration,low_score,mean_displayed_rank,26,18,-0.37194196671134133,0.06134076927361812,stable,26,18,-0.37194196671134133,0.06134076927361812,0.0
app_quicksort,p05,demonstration,low_score,mean_full_eligible_rank,26,18,-0.37194196671134133,0.06134076927361812,stable,26,18,-0.37194196671134133,0.06134076927361812,0.0
app_quicksort,p05,demonstration,uncertainty,mean_displayed_rank,41,3,-0.529898902358598,0.0003665534463395852,stable,40,4,-0.5486459903258574,0.0002468264555469263,-0.018747087967259324
app_quicksort,p05,demonstration,uncertainty,mean_full_eligible_rank,44,0,0.16123118397408612,0.29576521712552917,stable,44,0,0.09370703616917206,0.545164700274475,-0.06752414780491406
app_quicksort,p05,reference,low_score,mean_displayed_rank,41,3,-0.8616994282065749,4.72030497641045e-13,stable,41,3,-0.8616994282065749,4.72030497641045e-13,0.0
app_quicksort,p05,reference,low_score,mean_full_eligible_rank,41,3,-0.8584750270290219,7.17781403357577e-13,stable,41,3,-0.8584750270290219,7.17781403357577e-13,0.0
app_quicksort,p05,reference,uncertainty,mean_displayed_rank,44,0,-0.34884378929971843,0.020298412773113346,stable,44,0,-0.37838411826426616,0.011321878665868725,-0.029540328964547724
app_quicksort,p05,reference,uncertainty,mean_full_eligible_rank,44,0,0.2484929796868628,0.10384555702270415,stable,44,0,0.16589115525914258,0.28183903931711324,-0.08260182442772021
app_quicksort,p10,complete_cohort,low_score,mean_displayed_rank,41,3,-0.8953286233439661,2.8219510225525143e-15,stable,41,3,-0.8953286233439661,2.8219510225525143e-15,0.0
app_quicksort,p10,complete_cohort,low_score,mean_full_eligible_rank,41,3,-0.8936727055163077,3.774258839700694e-15,stable,41,3,-0.8936727055163077,3.774258839700694e-15,0.0
app_quicksort,p10,complete_cohort,uncertainty,mean_displayed_rank,44,0,-0.3405950578227445,0.023677325309139508,stable,44,0,-0.3677383195204793,0.014056824543729137,-0.02714326169773479
app_quicksort,p10,complete_cohort,uncertainty,mean_full_eligible_rank,44,0,0.2638091072156875,0.0835704006610377,stable,44,0,0.16778879614466496,0.2762929277749825,-0.09602031107102255
app_quicksort,p10,demonstration,low_score,mean_displayed_rank,26,18,-0.37194196671134133,0.06134076927361812,stable,26,18,-0.37194196671134133,0.06134076927361812,0.0
app_quicksort,p10,demonstration,low_score,mean_full_eligible_rank,26,18,-0.37194196671134133,0.06134076927361812,stable,26,18,-0.37194196671134133,0.06134076927361812,0.0
app_quicksort,p10,demonstration,uncertainty,mean_displayed_rank,41,3,-0.529898902358598,0.0003665534463395852,stable,40,4,-0.5486459903258574,0.0002468264555469263,-0.018747087967259324
app_quicksort,p10,demonstration,uncertainty,mean_full_eligible_rank,44,0,0.16221838562535978,0.29277857375800326,stable,44,0,0.10622994911741121,0.4925176889260232,-0.055988436507948575
app_quicksort,p10,reference,low_score,mean_displayed_rank,41,3,-0.8616994282065749,4.72030497641045e-13,stable,41,3,-0.8616994282065749,4.72030497641045e-13,0.0
app_quicksort,p10,reference,low_score,mean_full_eligible_rank,41,3,-0.8584750270290219,7.17781403357577e-13,stable,41,3,-0.8584750270290219,7.17781403357577e-13,0.0
app_quicksort,p10,reference,uncertainty,mean_displayed_rank,44,0,-0.34884378929971843,0.020298412773113346,stable,44,0,-0.37838411826426616,0.011321878665868725,-0.029540328964547724
app_quicksort,p10,reference,uncertainty,mean_full_eligible_rank,44,0,0.2527232474641963,0.09790299573047193,stable,44,0,0.17794699357164295,0.2478293709573104,-0.07477625389255332
app_quicksort,supp_p01,complete_cohort,low_score,mean_displayed_rank,41,3,-0.8953286233439661,2.8219510225525143e-15,stable,41,3,-0.8953286233439661,2.8219510225525143e-15,0.0
app_quicksort,supp_p01,complete_cohort,low_score,mean_full_eligible_rank,41,3,-0.8936727055163077,3.774258839700694e-15,stable,41,3,-0.8936727055163077,3.774258839700694e-15,0.0
app_quicksort,supp_p01,complete_cohort,uncertainty,mean_displayed_rank,44,0,-0.3405950578227445,0.023677325309139508,stable,44,0,-0.3677383195204793,0.014056824543729137,-0.02714326169773479
app_quicksort,supp_p01,complete_cohort,uncertainty,mean_full_eligible_rank,44,0,0.26310411227390323,0.08443008683046768,stable,44,0,0.16221933610456893,0.29277570765070493,-0.1008847761693343
app_quicksort,supp_p01,demonstration,low_score,mean_displayed_rank,26,18,-0.37194196671134133,0.06134076927361812,stable,26,18,-0.37194196671134133,0.06134076927361812,0.0
app_quicksort,supp_p01,demonstration,low_score,mean_full_eligible_rank,26,18,-0.37194196671134133,0.06134076927361812,stable,26,18,-0.37194196671134133,0.06134076927361812,0.0
app_quicksort,supp_p01,demonstration,uncertainty,mean_displayed_rank,41,3,-0.529898902358598,0.0003665534463395852,stable,40,4,-0.5486459903258574,0.0002468264555469263,-0.018747087967259324
app_quicksort,supp_p01,demonstration,uncertainty,mean_full_eligible_rank,44,0,0.1617304860594783,0.2942521991979219,stable,44,0,0.09723593504818184,0.5300611183064291,-0.06449455101129645
app_quicksort,supp_p01,reference,low_score,mean_displayed_rank,41,3,-0.8616994282065749,4.72030497641045e-13,stable,41,3,-0.8616994282065749,4.72030497641045e-13,0.0
app_quicksort,supp_p01,reference,low_score,mean_full_eligible_rank,41,3,-0.8584750270290219,7.17781403357577e-13,stable,41,3,-0.8584750270290219,7.17781403357577e-13,0.0
app_quicksort,supp_p01,reference,uncertainty,mean_displayed_rank,44,0,-0.34884378929971843,0.020298412773113346,stable,44,0,-0.37838411826426616,0.011321878665868725,-0.029540328964547724
app_quicksort,supp_p01,reference,uncertainty,mean_full_eligible_rank,44,0,0.2504142033217857,0.10111333657428763,stable,44,0,0.1662378072727395,0.2808205080491536,-0.0841763960490462
app_quicksort,supp_p05,complete_cohort,low_score,mean_displayed_rank,41,3,-0.8953286233439661,2.8219510225525143e-15,stable,41,3,-0.8953286233439661,2.8219510225525143e-15,0.0
app_quicksort,supp_p05,complete_cohort,low_score,mean_full_eligible_rank,41,3,-0.8936727055163077,3.774258839700694e-15,stable,41,3,-0.8936727055163077,3.774258839700694e-15,0.0
app_quicksort,supp_p05,complete_cohort,uncertainty,mean_displayed_rank,44,0,-0.3405950578227445,0.023677325309139508,stable,44,0,-0.3677383195204793,0.014056824543729137,-0.02714326169773479
app_quicksort,supp_p05,complete_cohort,uncertainty,mean_full_eligible_rank,44,0,0.2638091072156875,0.0835704006610377,stable,44,0,0.16778879614466496,0.2762929277749825,-0.09602031107102255
app_quicksort,supp_p05,demonstration,low_score,mean_displayed_rank,26,18,-0.37194196671134133,0.06134076927361812,stable,26,18,-0.37194196671134133,0.06134076927361812,0.0
app_quicksort,supp_p05,demonstration,low_score,mean_full_eligible_rank,26,18,-0.37194196671134133,0.06134076927361812,stable,26,18,-0.37194196671134133,0.06134076927361812,0.0
app_quicksort,supp_p05,demonstration,uncertainty,mean_displayed_rank,41,3,-0.529898902358598,0.0003665534463395852,stable,40,4,-0.5486459903258574,0.0002468264555469263,-0.018747087967259324
app_quicksort,supp_p05,demonstration,uncertainty,mean_full_eligible_rank,44,0,0.16221838562535978,0.29277857375800326,stable,44,0,0.10622994911741121,0.4925176889260232,-0.055988436507948575
app_quicksort,supp_p05,reference,low_score,mean_displayed_rank,41,3,-0.8616994282065749,4.72030497641045e-13,stable,41,3,-0.8616994282065749,4.72030497641045e-13,0.0
app_quicksort,supp_p05,reference,low_score,mean_full_eligible_rank,41,3,-0.8584750270290219,7.17781403357577e-13,stable,41,3,-0.8584750270290219,7.17781403357577e-13,0.0
app_quicksort,supp_p05,reference,uncertainty,mean_displayed_rank,44,0,-0.34884378929971843,0.020298412773113346,stable,44,0,-0.37838411826426616,0.011321878665868725,-0.029540328964547724
app_quicksort,supp_p05,reference,uncertainty,mean_full_eligible_rank,44,0,0.2527232474641963,0.09790299573047193,stable,44,0,0.17794699357164295,0.2478293709573104,-0.07477625389255332
app_quicksort,supp_p10,complete_cohort,low_score,mean_displayed_rank,41,3,-0.8948882623197916,3.0502579944969193e-15,stable,41,3,-0.8948882623197916,3.0502579944969193e-15,0.0
app_quicksort,supp_p10,complete_cohort,low_score,mean_full_eligible_rank,41,3,-0.8932322723529958,4.074461885398969e-15,stable,41,3,-0.8932322723529958,4.074461885398969e-15,0.0
app_quicksort,supp_p10,complete_cohort,uncertainty,mean_displayed_rank,44,0,-0.3405950578227445,0.023677325309139508,stable,44,0,-0.3677383195204793,0.014056824543729137,-0.02714326169773479
app_quicksort,supp_p10,complete_cohort,uncertainty,mean_full_eligible_rank,44,0,0.2713716779159413,0.07477218059392633,stable,44,0,0.16919878602823357,0.2722188047842557,-0.10217289188770773
app_quicksort,supp_p10,demonstration,low_score,mean_displayed_rank,26,18,-0.37194196671134133,0.06134076927361812,stable,26,18,-0.37194196671134133,0.06134076927361812,0.0
app_quicksort,supp_p10,demonstration,low_score,mean_full_eligible_rank,26,18,-0.37194196671134133,0.06134076927361812,stable,26,18,-0.37194196671134133,0.06134076927361812,0.0
app_quicksort,supp_p10,demonstration,uncertainty,mean_displayed_rank,41,3,-0.529898902358598,0.0003665534463395852,stable,40,4,-0.5486459903258574,0.0002468264555469263,-0.018747087967259324
app_quicksort,supp_p10,demonstration,uncertainty,mean_full_eligible_rank,44,0,0.16734247828186577,0.2775908546735005,stable,44,0,0.11055879060441068,0.47495114646576136,-0.05678368767745509
app_quicksort,supp_p10,reference,low_score,mean_displayed_rank,41,3,-0.8616994282065749,4.72030497641045e-13,stable,41,3,-0.8616994282065749,4.72030497641045e-13,0.0
app_quicksort,supp_p10,reference,low_score,mean_full_eligible_rank,41,3,-0.8584750270290219,7.17781403357577e-13,stable,41,3,-0.8584750270290219,7.17781403357577e-13,0.0
app_quicksort,supp_p10,reference,uncertainty,mean_displayed_rank,44,0,-0.34884378929971843,0.020298412773113346,stable,44,0,-0.37838411826426616,0.011321878665868725,-0.029540328964547724
app_quicksort,supp_p10,reference,uncertainty,mean_full_eligible_rank,44,0,0.2562656613385954,0.09313113791711364,stable,44,0,0.1876057646173304,0.2226645009999688,-0.06865989672126502
app_quicksort,supp_p20,complete_cohort,low_score,mean_displayed_rank,41,3,-0.8736218648514663,9.098545320354737e-14,stable,41,3,-0.8736218648514663,9.098545320354737e-14,0.0
app_quicksort,supp_p20,complete_cohort,low_score,mean_full_eligible_rank,41,3,-0.8730989206514256,9.81347215466371e-14,stable,41,3,-0.8730989206514256,9.81347215466371e-14,0.0
app_quicksort,supp_p20,complete_cohort,uncertainty,mean_displayed_rank,44,0,-0.34713950933459253,0.020961145064948086,stable,44,0,-0.37294232420389817,0.012656855504569013,-0.025802814869305635
app_quicksort,supp_p20,complete_cohort,uncertainty,mean_full_eligible_rank,44,0,0.2841129615390755,0.06161451144792206,stable,44,0,0.1798442096491766,0.24274108080287288,-0.1042687518898989
app_quicksort,supp_p20,demonstration,low_score,mean_displayed_rank,26,18,-0.3623611248825303,0.06887946668270255,stable,26,18,-0.3623611248825303,0.06887946668270255,0.0
app_quicksort,supp_p20,demonstration,low_score,mean_full_eligible_rank,26,18,-0.3623611248825303,0.06887946668270255,stable,26,18,-0.3623611248825303,0.06887946668270255,0.0
app_quicksort,supp_p20,demonstration,uncertainty,mean_displayed_rank,41,3,-0.5341701716817715,0.00032169051259292554,stable,40,4,-0.550779059826718,0.00023078009802840187,-0.016608888144946543
app_quicksort,supp_p20,demonstration,uncertainty,mean_full_eligible_rank,44,0,0.17120897209231625,0.2664792897346938,stable,44,0,0.11623479994347641,0.45242969844200326,-0.054974172148839845
app_quicksort,supp_p20,reference,low_score,mean_displayed_rank,41,3,-0.8389543280081609,7.416041402228292e-12,stable,41,3,-0.8389543280081609,7.416041402228292e-12,0.0
app_quicksort,supp_p20,reference,low_score,mean_full_eligible_rank,41,3,-0.8384314521415308,7.860824235429409e-12,stable,41,3,-0.8384314521415308,7.860824235429409e-12,0.0
app_quicksort,supp_p20,reference,uncertainty,mean_displayed_rank,44,0,-0.35383696128154346,0.018457308666417385,stable,44,0,-0.37752479132549616,0.01152431225003898,-0.023687830043952696
app_quicksort,supp_p20,reference,uncertainty,mean_full_eligible_rank,44,0,0.2665585874886463,0.08028273107489349,stable,44,0,0.1907011317526549,0.21498688379226247,-0.0758574557359914
app_quicksort,supp_p25,complete_cohort,low_score,mean_displayed_rank,41,3,-0.8730989206514256,9.81347215466371e-14,stable,41,3,-0.8730989206514256,9.81347215466371e-14,0.0
app_quicksort,supp_p25,complete_cohort,low_score,mean_full_eligible_rank,41,3,-0.8725759764513848,1.0581057669542695e-13,stable,41,3,-0.8725759764513848,1.0581057669542695e-13,0.0
app_quicksort,supp_p25,complete_cohort,uncertainty,mean_displayed_rank,44,0,-0.3479855032647337,0.020629932966271806,stable,44,0,-0.37294232420389817,0.012656855504569013,-0.02495682093916446
app_quicksort,supp_p25,complete_cohort,uncertainty,mean_full_eligible_rank,44,0,0.2832064473761053,0.06248495731158911,stable,44,0,0.17893402126974242,0.24517327968382197,-0.10427242610636286
app_quicksort,supp_p25,demonstration,low_score,mean_displayed_rank,26,18,-0.3623611248825303,0.06887946668270255,stable,26,18,-0.3623611248825303,0.06887946668270255,0.0
app_quicksort,supp_p25,demonstration,low_score,mean_full_eligible_rank,26,18,-0.3623611248825303,0.06887946668270255,stable,26,18,-0.3623611248825303,0.06887946668270255,0.0
app_quicksort,supp_p25,demonstration,uncertainty,mean_displayed_rank,41,3,-0.5354138644339768,0.00030958984097184054,stable,40,4,-0.5520251615237584,0.0002218466836215235,-0.016611297089781596
app_quicksort,supp_p25,demonstration,uncertainty,mean_full_eligible_rank,44,0,0.16597335497554788,0.28159730235793207,stable,44,0,0.11418600186189454,0.4604911624061104,-0.051787353113653345
app_quicksort,supp_p25,reference,low_score,mean_displayed_rank,41,3,-0.8359913647639233,1.0288332508077257e-11,stable,41,3,-0.8359913647639233,1.0288332508077257e-11,0.0
app_quicksort,supp_p25,reference,low_score,mean_full_eligible_rank,41,3,-0.8354684888972931,1.089287919038415e-11,stable,41,3,-0.8354684888972931,1.089287919038415e-11,0.0
app_quicksort,supp_p25,reference,uncertainty,mean_displayed_rank,44,0,-0.3555289491418258,0.017866286520363726,stable,44,0,-0.3796397761508491,0.011031554071785665,-0.024110827009023283
app_quicksort,supp_p25,reference,uncertainty,mean_full_eligible_rank,44,0,0.2678980778780365,0.07871816820229345,stable,44,0,0.18957313984580004,0.21776311792956554,-0.07832493803223645
