configuration,diagram,n_bins,bin,lower,upper,interval,patient_count,mean_predicted_probability,observed_proportion
noECG,myocarditis_probability,5,1,0.0,0.2,"[lower, upper)",70,0.09548992131409675,0.014285714285714285
noECG,myocarditis_probability,5,2,0.2,0.4,"[lower, upper)",23,0.28058429204247004,0.08695652173913043
noECG,myocarditis_probability,5,3,0.4,0.6000000000000001,"[lower, upper)",13,0.5002706770910099,0.6153846153846154
noECG,myocarditis_probability,5,4,0.6000000000000001,0.8,"[lower, upper)",16,0.719653234743209,0.875
noECG,myocarditis_probability,5,5,0.8,1.0,"[lower, upper]",38,0.896147512820203,1.0
noECG,myocarditis_probability,10,1,0.0,0.1,"[lower, upper)",39,0.06307427474914899,0.0
noECG,myocarditis_probability,10,2,0.1,0.2,"[lower, upper)",31,0.13627089602483752,0.03225806451612903
noECG,myocarditis_probability,10,3,0.2,0.30000000000000004,"[lower, upper)",15,0.24756974844394147,0.13333333333333333
noECG,myocarditis_probability,10,4,0.30000000000000004,0.4,"[lower, upper)",8,0.3424865612897111,0.0
noECG,myocarditis_probability,10,5,0.4,0.5,"[lower, upper)",7,0.4512451331070132,0.42857142857142855
noECG,myocarditis_probability,10,6,0.5,0.6000000000000001,"[lower, upper)",6,0.5574671450723394,0.8333333333333334
noECG,myocarditis_probability,10,7,0.6000000000000001,0.7000000000000001,"[lower, upper)",5,0.6507977914792304,0.6
noECG,myocarditis_probability,10,8,0.7000000000000001,0.8,"[lower, upper)",11,0.7509511634995626,1.0
noECG,myocarditis_probability,10,9,0.8,0.9,"[lower, upper)",20,0.8560180169911005,1.0
noECG,myocarditis_probability,10,10,0.9,1.0,"[lower, upper]",18,0.9407358415192059,1.0
noECG,confidence_correctness,5,1,0.0,0.2,"[lower, upper)",0,,
noECG,confidence_correctness,5,2,0.2,0.4,"[lower, upper)",0,,
noECG,confidence_correctness,5,3,0.4,0.6000000000000001,"[lower, upper)",13,0.5527759183603803,0.6923076923076923
noECG,confidence_correctness,5,4,0.6000000000000001,0.8,"[lower, upper)",39,0.7195131548439624,0.8974358974358975
noECG,confidence_correctness,5,5,0.8,1.0,"[lower, upper]",108,0.9015676943998239,0.9907407407407407
noECG,confidence_correctness,10,1,0.0,0.1,"[lower, upper)",0,,
noECG,confidence_correctness,10,2,0.1,0.2,"[lower, upper)",0,,
noECG,confidence_correctness,10,3,0.2,0.30000000000000004,"[lower, upper)",0,,
noECG,confidence_correctness,10,4,0.30000000000000004,0.4,"[lower, upper)",0,,
noECG,confidence_correctness,10,5,0.4,0.5,"[lower, upper)",0,,
noECG,confidence_correctness,10,6,0.5,0.6000000000000001,"[lower, upper)",13,0.5527759183603803,0.6923076923076923
noECG,confidence_correctness,10,7,0.6000000000000001,0.7000000000000001,"[lower, upper)",13,0.6549304974675743,0.8461538461538461
noECG,confidence_correctness,10,8,0.7000000000000001,0.8,"[lower, upper)",26,0.7518044835321565,0.9230769230769231
noECG,confidence_correctness,10,9,0.8,0.9,"[lower, upper)",51,0.8607051482951382,0.9803921568627451
noECG,confidence_correctness,10,10,0.9,1.0,"[lower, upper]",57,0.9381289198619107,1.0
withECG,myocarditis_probability,5,1,0.0,0.2,"[lower, upper)",78,0.07336661988065613,0.02564102564102564
withECG,myocarditis_probability,5,2,0.2,0.4,"[lower, upper)",20,0.29340343421508697,0.1
withECG,myocarditis_probability,5,3,0.4,0.6000000000000001,"[lower, upper)",9,0.49969407747508043,0.6666666666666666
withECG,myocarditis_probability,5,4,0.6000000000000001,0.8,"[lower, upper)",14,0.6944177929903008,1.0
withECG,myocarditis_probability,5,5,0.8,1.0,"[lower, upper]",37,0.8916878835795085,1.0
withECG,myocarditis_probability,10,1,0.0,0.1,"[lower, upper)",53,0.040555022092613774,0.018867924528301886
withECG,myocarditis_probability,10,2,0.1,0.2,"[lower, upper)",25,0.1429272071913059,0.04
withECG,myocarditis_probability,10,3,0.2,0.30000000000000004,"[lower, upper)",11,0.24781864178007937,0.09090909090909091
withECG,myocarditis_probability,10,4,0.30000000000000004,0.4,"[lower, upper)",9,0.3491181805245408,0.1111111111111111
withECG,myocarditis_probability,10,5,0.4,0.5,"[lower, upper)",4,0.4466863889170384,0.5
withECG,myocarditis_probability,10,6,0.5,0.6000000000000001,"[lower, upper)",5,0.5421002283215139,0.8
withECG,myocarditis_probability,10,7,0.6000000000000001,0.7000000000000001,"[lower, upper)",9,0.6487096057753352,1.0
withECG,myocarditis_probability,10,8,0.7000000000000001,0.8,"[lower, upper)",5,0.7766925299772389,1.0
withECG,myocarditis_probability,10,9,0.8,0.9,"[lower, upper)",19,0.8526301697804626,1.0
withECG,myocarditis_probability,10,10,0.9,1.0,"[lower, upper]",18,0.9329154703673902,1.0
withECG,confidence_correctness,5,1,0.0,0.2,"[lower, upper)",0,,
withECG,confidence_correctness,5,2,0.2,0.4,"[lower, upper)",0,,
withECG,confidence_correctness,5,3,0.4,0.6000000000000001,"[lower, upper)",9,0.5470839539932686,0.6666666666666666
withECG,confidence_correctness,5,4,0.6000000000000001,0.8,"[lower, upper)",34,0.7015817769871314,0.9411764705882353
withECG,confidence_correctness,5,5,0.8,1.0,"[lower, upper]",115,0.9153900464500054,0.9826086956521739
withECG,confidence_correctness,10,1,0.0,0.1,"[lower, upper)",0,,
withECG,confidence_correctness,10,2,0.1,0.2,"[lower, upper)",0,,
withECG,confidence_correctness,10,3,0.2,0.30000000000000004,"[lower, upper)",0,,
withECG,confidence_correctness,10,4,0.30000000000000004,0.4,"[lower, upper)",0,,
withECG,confidence_correctness,10,5,0.4,0.5,"[lower, upper)",0,,
withECG,confidence_correctness,10,6,0.5,0.6000000000000001,"[lower, upper)",9,0.5470839539932686,0.6666666666666666
withECG,confidence_correctness,10,7,0.6000000000000001,0.7000000000000001,"[lower, upper)",18,0.6497957126253971,0.9444444444444444
withECG,confidence_correctness,10,8,0.7000000000000001,0.8,"[lower, upper)",16,0.7598410993940826,0.9375
withECG,confidence_correctness,10,9,0.8,0.9,"[lower, upper)",44,0.8551543874101398,0.9772727272727273
withECG,confidence_correctness,10,10,0.9,1.0,"[lower, upper]",71,0.9527191872634436,0.9859154929577465
