patient_id,source_row,source_excel_row,configuration,loocv_fold,training_fold_size,fitted_classes,true_label,true_diagnosis,y_myocarditis,p_myocarditis,p_acs,predicted_label,predicted_diagnosis,predicted_class_confidence,prediction_correct,brier_contribution
2,2,4,noECG,1,159,"[1, 2]",1,Myocarditis,1,0.8494286242692799,0.15057137573072024,1,Myocarditis,0.8494286242692799,True,0.022671739189441688
3,3,5,noECG,2,159,"[1, 2]",1,Myocarditis,1,0.797370073741298,0.202629926258702,1,Myocarditis,0.797370073741298,True,0.04105888701560702
4,4,6,noECG,3,159,"[1, 2]",1,Myocarditis,1,0.7007281822942364,0.29927181770576355,1,Myocarditis,0.7007281822942364,True,0.08956362087291181
5,5,7,noECG,4,159,"[1, 2]",1,Myocarditis,1,0.8556008239645436,0.1443991760354563,1,Myocarditis,0.8556008239645436,True,0.02085112203971872
6,6,8,noECG,5,159,"[1, 2]",1,Myocarditis,1,0.2553987418226256,0.7446012581773744,2,ACS,0.7446012581773744,False,0.554431033679329
7,7,9,noECG,6,159,"[1, 2]",1,Myocarditis,1,0.5243748691330438,0.4756251308669561,1,Myocarditis,0.5243748691330438,True,0.22621926511220924
9,9,11,noECG,7,159,"[1, 2]",1,Myocarditis,1,0.7984306686156865,0.20156933138431365,1,Myocarditis,0.7984306686156865,True,0.040630195354719206
11,11,13,noECG,8,159,"[1, 2]",1,Myocarditis,1,0.9195901605586171,0.08040983944138301,1,Myocarditis,0.9195901605586171,True,0.0064657422789889795
12,12,14,noECG,9,159,"[1, 2]",1,Myocarditis,1,0.9563433898023791,0.04365661019762068,1,Myocarditis,0.9563433898023791,True,0.0019058996139470175
13,13,15,noECG,10,159,"[1, 2]",1,Myocarditis,1,0.8011776098492319,0.19882239015076783,1,Myocarditis,0.8011776098492319,True,0.03953034282526424
14,14,16,noECG,11,159,"[1, 2]",1,Myocarditis,1,0.6431563362309493,0.3568436637690506,1,Myocarditis,0.6431563362309493,True,0.12733740037211935
15,15,17,noECG,12,159,"[1, 2]",1,Myocarditis,1,0.9625733840077153,0.037426615992284494,1,Myocarditis,0.9625733840077153,True,0.0014007515846339404
17,17,19,noECG,13,159,"[1, 2]",1,Myocarditis,1,0.9531521887816746,0.046847811218325264,1,Myocarditis,0.9531521887816746,True,0.0021947174159478527
19,19,21,noECG,14,159,"[1, 2]",1,Myocarditis,1,0.8807034669218697,0.11929653307813022,1,Myocarditis,0.8807034669218697,True,0.014231662804461427
20,20,22,noECG,15,159,"[1, 2]",1,Myocarditis,1,0.9599060778973049,0.040093922102694725,1,Myocarditis,0.9599060778973049,True,0.0016075225895769854
21,21,23,noECG,16,159,"[1, 2]",1,Myocarditis,1,0.730216573601585,0.26978342639841507,1,Myocarditis,0.730216573601585,True,0.072783097159269
22,22,24,noECG,17,159,"[1, 2]",1,Myocarditis,1,0.9106111225874449,0.08938887741255526,1,Myocarditis,0.9106111225874449,True,0.0079903714050768
23,23,25,noECG,18,159,"[1, 2]",1,Myocarditis,1,0.49169429513582635,0.5083057048641736,2,ACS,0.5083057048641736,False,0.25837468959746446
24,24,26,noECG,19,159,"[1, 2]",1,Myocarditis,1,0.43493949121782066,0.5650605087821793,2,ACS,0.5650605087821793,False,0.3192933785851754
25,25,27,noECG,20,159,"[1, 2]",1,Myocarditis,1,0.7597485776888976,0.24025142231110244,1,Myocarditis,0.7597485776888976,True,0.05772074592250768
27,27,29,noECG,21,159,"[1, 2]",1,Myocarditis,1,0.8255508190217871,0.17444918097821296,1,Myocarditis,0.8255508190217871,True,0.03043251674396929
28,28,30,noECG,22,159,"[1, 2]",1,Myocarditis,1,0.9692714844487157,0.030728515551284346,1,Myocarditis,0.9692714844487157,True,0.0009442416679855216
29,29,31,noECG,23,159,"[1, 2]",1,Myocarditis,1,0.6225984739952226,0.3774015260047774,1,Myocarditis,0.6225984739952226,True,0.14243191183073467
30,30,32,noECG,24,159,"[1, 2]",1,Myocarditis,1,0.5699239176081212,0.4300760823918786,1,Myocarditis,0.5699239176081212,True,0.1849654366455461
31,31,33,noECG,25,159,"[1, 2]",1,Myocarditis,1,0.9040901834070656,0.09590981659293463,1,Myocarditis,0.9040901834070656,True,0.009198692918890316
39,39,41,noECG,26,159,"[1, 2]",1,Myocarditis,1,0.9104305308230956,0.08956946917690416,1,Myocarditis,0.9104305308230956,True,0.008022689808632437
40,40,42,noECG,27,159,"[1, 2]",1,Myocarditis,1,0.8097147807201877,0.19028521927981226,1,Myocarditis,0.8097147807201877,True,0.03620846467636627
41,41,43,noECG,28,159,"[1, 2]",1,Myocarditis,1,0.41100087986675976,0.5889991201332404,2,ACS,0.5889991201332404,False,0.34691996351773124
42,42,44,noECG,29,159,"[1, 2]",1,Myocarditis,1,0.9364728696809768,0.06352713031902306,1,Myocarditis,0.9364728696809768,True,0.004035696286570162
43,43,45,noECG,30,159,"[1, 2]",1,Myocarditis,1,0.8874092168055107,0.1125907831944895,1,Myocarditis,0.8874092168055107,True,0.012676684460348503
44,44,46,noECG,31,159,"[1, 2]",1,Myocarditis,1,0.8553209172353609,0.14467908276463923,1,Myocarditis,0.8553209172353609,True,0.020932036989617302
45,45,47,noECG,32,159,"[1, 2]",1,Myocarditis,1,0.8949840752153112,0.10501592478468903,1,Myocarditis,0.8949840752153112,True,0.011028344458383415
46,46,48,noECG,33,159,"[1, 2]",1,Myocarditis,1,0.5932331335499014,0.4067668664500985,1,Myocarditis,0.5932331335499014,True,0.16545928364163237
47,47,49,noECG,34,159,"[1, 2]",1,Myocarditis,1,0.7354232220578852,0.2645767779421146,1,Myocarditis,0.7354232220578852,True,0.0700008714262311
48,48,50,noECG,35,159,"[1, 2]",1,Myocarditis,1,0.8424815709725858,0.15751842902741417,1,Myocarditis,0.8424815709725858,True,0.024812055483264525
50,50,52,noECG,36,159,"[1, 2]",1,Myocarditis,1,0.9677555070197897,0.03224449298021015,1,Myocarditis,0.9677555070197897,True,0.0010397073275508286
51,51,53,noECG,37,159,"[1, 2]",1,Myocarditis,1,0.6686362315116838,0.3313637684883162,1,Myocarditis,0.6686362315116838,True,0.1098019470667784
52,52,54,noECG,38,159,"[1, 2]",1,Myocarditis,1,0.8992273300976535,0.10077266990234642,1,Myocarditis,0.8992273300976535,True,0.010155130999247284
53,53,55,noECG,39,159,"[1, 2]",1,Myocarditis,1,0.7479483618782158,0.2520516381217841,1,Myocarditis,0.7479483618782158,True,0.06353002827987486
54,54,56,noECG,40,159,"[1, 2]",1,Myocarditis,1,0.9663545339866562,0.03364546601334364,1,Myocarditis,0.9663545339866562,True,0.0011320173832550754
55,55,57,noECG,41,159,"[1, 2]",1,Myocarditis,1,0.9240935558662469,0.07590644413375319,1,Myocarditis,0.9240935558662469,True,0.005761788261030586
56,56,58,noECG,42,159,"[1, 2]",1,Myocarditis,1,0.8689254374867464,0.13107456251325322,1,Myocarditis,0.8689254374867464,True,0.017180540938040813
58,58,60,noECG,43,159,"[1, 2]",1,Myocarditis,1,0.737962737223831,0.26203726277616896,1,Myocarditis,0.737962737223831,True,0.06866352708322705
59,59,61,noECG,44,159,"[1, 2]",1,Myocarditis,1,0.9279579263692428,0.07204207363075694,1,Myocarditis,0.9279579263692428,True,0.005190060373019443
61,61,63,noECG,45,159,"[1, 2]",1,Myocarditis,1,0.8564539853812639,0.14354601461873576,1,Myocarditis,0.8564539853812639,True,0.020605458312922386
62,62,64,noECG,46,159,"[1, 2]",1,Myocarditis,1,0.8893522180239568,0.11064778197604334,1,Myocarditis,0.8893522180239568,True,0.012242931656217988
63,63,65,noECG,47,159,"[1, 2]",1,Myocarditis,1,0.9432169840476603,0.05678301595233992,1,Myocarditis,0.9432169840476603,True,0.003224310900643665
64,64,66,noECG,48,159,"[1, 2]",1,Myocarditis,1,0.5959723181665425,0.40402768183345755,1,Myocarditis,0.5959723181665425,True,0.16323836768771757
66,66,68,noECG,49,159,"[1, 2]",1,Myocarditis,1,0.9384727553118556,0.061527244688144335,1,Myocarditis,0.9384727553118556,True,0.003785601838914795
67,67,69,noECG,50,159,"[1, 2]",1,Myocarditis,1,0.7492695484861128,0.2507304515138872,1,Myocarditis,0.7492695484861128,True,0.06286575931635772
68,68,70,noECG,51,159,"[1, 2]",1,Myocarditis,1,0.8579218218173515,0.1420781781826488,1,Myocarditis,0.8579218218173515,True,0.020186208715700402
70,70,72,noECG,52,159,"[1, 2]",1,Myocarditis,1,0.29703310390685467,0.7029668960931453,2,ACS,0.7029668960931453,False,0.494162457002831
71,71,73,noECG,53,159,"[1, 2]",1,Myocarditis,1,0.703945327276933,0.296054672723067,1,Myocarditis,0.703945327276933,True,0.08764836924116229
72,72,74,noECG,54,159,"[1, 2]",1,Myocarditis,1,0.8606757379538189,0.13932426204618087,1,Myocarditis,0.8606757379538189,True,0.019411249994712935
73,73,75,noECG,55,159,"[1, 2]",1,Myocarditis,1,0.8581321017206657,0.14186789827933433,1,Myocarditis,0.8581321017206657,True,0.020126500562195553
74,74,76,noECG,56,159,"[1, 2]",1,Myocarditis,1,0.12123730615348301,0.8787626938465166,2,ACS,0.8787626938465166,False,0.7722238720963873
76,76,78,noECG,57,159,"[1, 2]",1,Myocarditis,1,0.7994195256305088,0.2005804743694912,1,Myocarditis,0.7994195256305088,True,0.040232526698290125
77,77,79,noECG,58,159,"[1, 2]",1,Myocarditis,1,0.9650488692229192,0.03495113077708083,1,Myocarditis,0.9650488692229192,True,0.0012215815425966037
78,78,80,noECG,59,159,"[1, 2]",1,Myocarditis,1,0.5103747480607037,0.48962525193929635,1,Myocarditis,0.5103747480607037,True,0.23973288733661938
79,79,81,noECG,60,159,"[1, 2]",1,Myocarditis,1,0.886565173096162,0.11343482690383816,1,Myocarditis,0.886565173096162,True,0.012867459954703687
80,80,82,noECG,61,159,"[1, 2]",1,Myocarditis,1,0.9179036235263457,0.08209637647365402,1,Myocarditis,0.9179036235263457,True,0.006739815030103981
81,81,83,noECG,62,159,"[1, 2]",1,Myocarditis,1,0.8337590343031375,0.16624096569686253,1,Myocarditis,0.8337590343031375,True,0.027636058675825425
82,82,84,noECG,63,159,"[1, 2]",1,Myocarditis,1,0.8069755949655849,0.19302440503441495,1,Myocarditis,0.8069755949655849,True,0.03725842093888993
83,83,85,noECG,64,159,"[1, 2]",2,ACS,0,0.13304331483657675,0.8669566851634235,2,ACS,0.8669566851634235,True,0.01770052362270448
84,84,86,noECG,65,159,"[1, 2]",2,ACS,0,0.49788565611543917,0.5021143438845609,2,ACS,0.5021143438845609,True,0.24789012656550136
85,85,87,noECG,66,159,"[1, 2]",2,ACS,0,0.6204008950450864,0.3795991049549134,1,Myocarditis,0.6204008950450864,False,0.38489727057274437
86,86,88,noECG,67,159,"[1, 2]",2,ACS,0,0.12771423020690073,0.8722857697930998,2,ACS,0.8722857697930998,True,0.016310924597341236
87,87,89,noECG,68,159,"[1, 2]",2,ACS,0,0.34591374932213287,0.6540862506778672,2,ACS,0.6540862506778672,True,0.11965632197009538
88,88,90,noECG,69,159,"[1, 2]",2,ACS,0,0.2987770243487744,0.7012229756512257,2,ACS,0.7012229756512257,True,0.08926771027870813
89,89,91,noECG,70,159,"[1, 2]",2,ACS,0,0.69919702061321,0.30080297938678974,1,Myocarditis,0.69919702061321,False,0.4888764736343896
90,90,92,noECG,71,159,"[1, 2]",2,ACS,0,0.5509238839157239,0.4490761160842762,1,Myocarditis,0.5509238839157239,False,0.303517125868786
91,91,93,noECG,72,159,"[1, 2]",2,ACS,0,0.3065868302130878,0.6934131697869126,2,ACS,0.6934131697869126,True,0.09399548446010873
92,92,94,noECG,73,159,"[1, 2]",2,ACS,0,0.03272056616418475,0.9672794338358156,2,ACS,0.9672794338358156,True,0.0010706354501047919
93,93,95,noECG,74,159,"[1, 2]",2,ACS,0,0.2162172463646379,0.7837827536353621,2,ACS,0.7837827536353621,True,0.04674989762550652
94,94,96,noECG,75,159,"[1, 2]",2,ACS,0,0.11679258233153426,0.883207417668466,2,ACS,0.883207417668466,True,0.01364050728766821
95,95,97,noECG,76,159,"[1, 2]",2,ACS,0,0.06364075154129893,0.9363592484587014,2,ACS,0.9363592484587014,True,0.004050145256741342
96,96,98,noECG,77,159,"[1, 2]",2,ACS,0,0.2527713861601837,0.7472286138398162,2,ACS,0.7472286138398162,True,0.06389337366134071
97,97,99,noECG,78,159,"[1, 2]",2,ACS,0,0.2584883623182039,0.7415116376817963,2,ACS,0.7415116376817963,True,0.06681623345394705
98,98,100,noECG,79,159,"[1, 2]",2,ACS,0,0.15939893508401815,0.840601064915982,2,ACS,0.840601064915982,True,0.025408020505919032
99,99,101,noECG,80,159,"[1, 2]",2,ACS,0,0.1635541508373345,0.8364458491626657,2,ACS,0.8364458491626657,True,0.02674996025612156
100,100,102,noECG,81,159,"[1, 2]",2,ACS,0,0.1138899043757151,0.8861100956242852,2,ACS,0.8861100956242852,True,0.01297091031870953
101,101,103,noECG,82,159,"[1, 2]",2,ACS,0,0.13463696830669392,0.8653630316933064,2,ACS,0.8653630316933064,True,0.018127113234817704
102,102,104,noECG,83,159,"[1, 2]",2,ACS,0,0.05482022005694589,0.9451797799430546,2,ACS,0.9451797799430546,True,0.003005256527091972
103,103,105,noECG,84,159,"[1, 2]",2,ACS,0,0.24688243296875692,0.753117567031243,2,ACS,0.753117567031243,True,0.060950935708572754
104,104,106,noECG,85,159,"[1, 2]",2,ACS,0,0.0701417917644694,0.929858208235531,2,ACS,0.929858208235531,True,0.004919870951930187
105,105,107,noECG,86,159,"[1, 2]",2,ACS,0,0.19557092294801745,0.8044290770519829,2,ACS,0.8044290770519829,True,0.03824798590273938
106,106,108,noECG,87,159,"[1, 2]",2,ACS,0,0.10053929550682918,0.8994607044931712,2,ACS,0.8994607044931712,True,0.01010814994100952
107,107,109,noECG,88,159,"[1, 2]",2,ACS,0,0.12611374623413155,0.8738862537658685,2,ACS,0.8738862537658685,True,0.015904676989206928
108,108,110,noECG,89,159,"[1, 2]",2,ACS,0,0.13851862796857983,0.8614813720314206,2,ACS,0.8614813720314206,True,0.019187410294297828
109,109,111,noECG,90,159,"[1, 2]",2,ACS,0,0.17113538497514527,0.8288646150248548,2,ACS,0.8288646150248548,True,0.029287319990591178
110,110,112,noECG,91,159,"[1, 2]",2,ACS,0,0.19347591878794002,0.8065240812120603,2,ACS,0.8065240812120603,True,0.03743293115083756
111,111,113,noECG,92,159,"[1, 2]",2,ACS,0,0.12773667698387006,0.8722633230161302,2,ACS,0.8722633230161302,True,0.01631665864688156
112,112,114,noECG,93,159,"[1, 2]",2,ACS,0,0.07642691380686346,0.9235730861931367,2,ACS,0.9235730861931367,True,0.005841073154041737
113,113,115,noECG,94,159,"[1, 2]",2,ACS,0,0.05200789643809107,0.9479921035619093,2,ACS,0.9479921035619093,True,0.0027048212919152056
114,114,116,noECG,95,159,"[1, 2]",2,ACS,0,0.07943035850299927,0.9205696414970013,2,ACS,0.9205696414970013,True,0.006309181851914989
115,115,117,noECG,96,159,"[1, 2]",2,ACS,0,0.32292206031765947,0.677077939682341,2,ACS,0.677077939682341,True,0.1042786570398021
116,116,118,noECG,97,159,"[1, 2]",2,ACS,0,0.37071004864303103,0.6292899513569691,2,ACS,0.6292899513569691,True,0.13742594016491844
117,117,119,noECG,98,159,"[1, 2]",2,ACS,0,0.2436481334748686,0.7563518665251315,2,ACS,0.7563518665251315,True,0.059364412945787384
118,118,120,noECG,99,159,"[1, 2]",2,ACS,0,0.041234639928438364,0.958765360071562,2,ACS,0.958765360071562,True,0.0017002955300279635
119,119,121,noECG,100,159,"[1, 2]",2,ACS,0,0.40168510844899913,0.598314891551001,2,ACS,0.598314891551001,True,0.1613509263496842
120,120,122,noECG,101,159,"[1, 2]",2,ACS,0,0.08019521122356901,0.9198047887764313,2,ACS,0.9198047887764313,True,0.006431271903192849
121,121,123,noECG,102,159,"[1, 2]",2,ACS,0,0.20717897136961735,0.7928210286303831,2,ACS,0.7928210286303831,True,0.042923126177772726
122,122,124,noECG,103,159,"[1, 2]",2,ACS,0,0.0939822476120404,0.9060177523879599,2,ACS,0.9060177523879599,True,0.008832662866210872
123,123,125,noECG,104,159,"[1, 2]",2,ACS,0,0.0755658883670151,0.9244341116329854,2,ACS,0.9244341116329854,True,0.005710203484696187
124,124,126,noECG,105,159,"[1, 2]",2,ACS,0,0.37212856522439863,0.6278714347756013,2,ACS,0.6278714347756013,True,0.1384796690559695
125,125,127,noECG,106,159,"[1, 2]",2,ACS,0,0.3484279108245882,0.651572089175412,2,ACS,0.651572089175412,True,0.12140200904158717
126,126,128,noECG,107,159,"[1, 2]",2,ACS,0,0.13618735886480907,0.8638126411351911,2,ACS,0.8638126411351911,True,0.01854699671457229
127,127,129,noECG,108,159,"[1, 2]",2,ACS,0,0.051386903265210844,0.9486130967347896,2,ACS,0.9486130967347896,True,0.002640613827188137
128,128,130,noECG,109,159,"[1, 2]",2,ACS,0,0.12583467038707144,0.8741653296129289,2,ACS,0.8741653296129289,True,0.015834364271422915
129,129,131,noECG,110,159,"[1, 2]",2,ACS,0,0.45390226475468265,0.5460977352453175,2,ACS,0.5460977352453175,True,0.20602726594943002
130,130,132,noECG,111,159,"[1, 2]",2,ACS,0,0.10678817202837364,0.8932118279716268,2,ACS,0.8932118279716268,True,0.011403713685161522
131,131,133,noECG,112,159,"[1, 2]",2,ACS,0,0.13482108177270022,0.8651789182273001,2,ACS,0.8651789182273001,True,0.01817672409036112
132,132,134,noECG,113,159,"[1, 2]",2,ACS,0,0.1252547696958021,0.8747452303041984,2,ACS,0.8747452303041984,True,0.015688757331548425
133,133,135,noECG,114,159,"[1, 2]",2,ACS,0,0.14341306017527047,0.8565869398247297,2,ACS,0.8565869398247297,True,0.02056730582883575
134,134,136,noECG,115,159,"[1, 2]",2,ACS,0,0.0649154811668937,0.9350845188331065,2,ACS,0.9350845188331065,True,0.004214019695129331
135,135,137,noECG,116,159,"[1, 2]",2,ACS,0,0.12386028021693606,0.8761397197830642,2,ACS,0.8761397197830642,True,0.015341369015417921
136,136,138,noECG,117,159,"[1, 2]",2,ACS,0,0.0891608124481446,0.9108391875518559,2,ACS,0.9108391875518559,True,0.007949650476413217
137,137,139,noECG,118,159,"[1, 2]",2,ACS,0,0.25423454670119305,0.7457654532988071,2,ACS,0.7457654532988071,True,0.06463520473636111
138,138,140,noECG,119,159,"[1, 2]",2,ACS,0,0.023208926264071974,0.9767910737359283,2,ACS,0.9767910737359283,True,0.0005386542583311299
139,139,141,noECG,120,159,"[1, 2]",2,ACS,0,0.11062571731064492,0.8893742826893553,2,ACS,0.8893742826893553,True,0.012238049330494724
140,140,142,noECG,121,159,"[1, 2]",2,ACS,0,0.035227932806550316,0.96477206719345,2,ACS,0.96477206719345,True,0.001241007249822824
141,141,143,noECG,122,159,"[1, 2]",2,ACS,0,0.04346263055665297,0.9565373694433473,2,ACS,0.9565373694433473,True,0.0018890002549041044
142,142,144,noECG,123,159,"[1, 2]",2,ACS,0,0.06790703614373156,0.9320929638562689,2,ACS,0.9320929638562689,True,0.004611365557826064
143,143,145,noECG,124,159,"[1, 2]",2,ACS,0,0.4676082362095651,0.5323917637904351,2,ACS,0.5323917637904351,True,0.21865746257102042
144,144,146,noECG,125,159,"[1, 2]",2,ACS,0,0.13858793341862896,0.8614120665813713,2,ACS,0.8614120665813713,True,0.019206615289246335
147,147,149,noECG,126,159,"[1, 2]",2,ACS,0,0.11402789919133728,0.8859721008086628,2,ACS,0.8859721008086628,True,0.013002361793989777
148,148,150,noECG,127,159,"[1, 2]",2,ACS,0,0.16829486019741524,0.831705139802585,2,ACS,0.831705139802585,True,0.028323159968867542
149,149,151,noECG,128,159,"[1, 2]",2,ACS,0,0.09191573242330268,0.9080842675766977,2,ACS,0.9080842675766977,True,0.008448501866912176
150,150,152,noECG,129,159,"[1, 2]",2,ACS,0,0.05162765732036736,0.9483723426796331,2,ACS,0.9483723426796331,True,0.0026654150003892815
151,151,153,noECG,130,159,"[1, 2]",2,ACS,0,0.2558628847790616,0.7441371152209387,2,ACS,0.7441371152209387,True,0.06546581580746336
152,152,154,noECG,131,159,"[1, 2]",2,ACS,0,0.13539140014042952,0.8646085998595708,2,ACS,0.8646085998595708,True,0.018330831231985898
153,153,155,noECG,132,159,"[1, 2]",2,ACS,0,0.04749450910846568,0.9525054908915346,2,ACS,0.9525054908915346,True,0.0022557283954541293
154,154,156,noECG,133,159,"[1, 2]",2,ACS,0,0.212640444343875,0.7873595556561251,2,ACS,0.7873595556561251,True,0.0452159585707606
155,155,157,noECG,134,159,"[1, 2]",2,ACS,0,0.07184421494286157,0.928155785057139,2,ACS,0.928155785057139,True,0.005161591220756094
156,156,158,noECG,135,159,"[1, 2]",2,ACS,0,0.06738194178640838,0.932618058213592,2,ACS,0.932618058213592,True,0.004540326078906929
157,157,159,noECG,136,159,"[1, 2]",2,ACS,0,0.1643661300371161,0.835633869962884,2,ACS,0.835633869962884,True,0.027016224703378156
158,158,160,noECG,137,159,"[1, 2]",2,ACS,0,0.334472026178187,0.6655279738218135,2,ACS,0.6655279738218135,True,0.11187153629574181
159,159,161,noECG,138,159,"[1, 2]",2,ACS,0,0.2276543048024853,0.7723456951975152,2,ACS,0.7723456951975152,True,0.05182648249510288
160,160,162,noECG,139,159,"[1, 2]",2,ACS,0,0.06481677313363461,0.9351832268663657,2,ACS,0.9351832268663657,True,0.004201214079457057
161,161,163,noECG,140,159,"[1, 2]",2,ACS,0,0.03225805191524666,0.9677419480847537,2,ACS,0.9677419480847537,True,0.0010405819133667486
162,162,164,noECG,141,159,"[1, 2]",2,ACS,0,0.09511247918933223,0.9048875208106683,2,ACS,0.9048875208106683,True,0.009046383697541157
163,163,165,noECG,142,159,"[1, 2]",2,ACS,0,0.04654939196283888,0.9534506080371612,2,ACS,0.9534506080371612,True,0.002166845892110009
164,164,166,noECG,143,159,"[1, 2]",2,ACS,0,0.09564255044109383,0.9043574495589062,2,ACS,0.9043574495589062,True,0.009147497454877179
165,165,167,noECG,144,159,"[1, 2]",2,ACS,0,0.03160789604289001,0.9683921039571105,2,ACS,0.9683921039571105,True,0.0009990590922581417
166,166,168,noECG,145,159,"[1, 2]",2,ACS,0,0.08340121895198964,0.9165987810480107,2,ACS,0.9165987810480107,True,0.0069557633226777155
167,167,169,noECG,146,159,"[1, 2]",2,ACS,0,0.3387312995946039,0.6612687004053965,2,ACS,0.6612687004053965,True,0.11473889332504932
168,168,170,noECG,147,159,"[1, 2]",2,ACS,0,0.0888045383809488,0.9111954616190516,2,ACS,0.9111954616190516,True,0.007886246037053408
169,169,171,noECG,148,159,"[1, 2]",2,ACS,0,0.05078511244154136,0.9492148875584592,2,ACS,0.9492148875584592,True,0.002579127645699999
170,170,172,noECG,149,159,"[1, 2]",2,ACS,0,0.12744335576467627,0.8725566442353241,2,ACS,0.8725566442353241,True,0.016241808928561845
172,172,174,noECG,150,159,"[1, 2]",2,ACS,0,0.24996068892334136,0.7500393110766589,2,ACS,0.7500393110766589,True,0.06248034600703143
174,174,176,noECG,151,159,"[1, 2]",2,ACS,0,0.05864331989262516,0.9413566801073752,2,ACS,0.9413566801073752,True,0.003439038968028766
175,175,177,noECG,152,159,"[1, 2]",2,ACS,0,0.05069363919395064,0.9493063608060496,2,ACS,0.9493063608060496,True,0.0025698450547264485
176,176,178,noECG,153,159,"[1, 2]",2,ACS,0,0.13396468415509866,0.8660353158449015,2,ACS,0.8660353158449015,True,0.01794653660077534
177,177,179,noECG,154,159,"[1, 2]",2,ACS,0,0.0643934391469082,0.9356065608530922,2,ACS,0.9356065608530922,True,0.00414651500516657
178,178,180,noECG,155,159,"[1, 2]",2,ACS,0,0.08476277496183493,0.9152372250381653,2,ACS,0.9152372250381653,True,0.0071847280192306705
179,179,181,noECG,156,159,"[1, 2]",2,ACS,0,0.0908633537505427,0.9091366462494577,2,ACS,0.9091366462494577,True,0.008256149054796264
180,180,182,noECG,157,159,"[1, 2]",2,ACS,0,0.05242845576115842,0.9475715442388419,2,ACS,0.9475715442388419,True,0.0027487429734997454
181,181,183,noECG,158,159,"[1, 2]",2,ACS,0,0.11217843787688442,0.8878215621231161,2,ACS,0.8878215621231161,True,0.012584001924498017
182,182,184,noECG,159,159,"[1, 2]",2,ACS,0,0.2367979543746429,0.7632020456253571,2,ACS,0.7632020456253571,True,0.05607327119601546
183,183,185,noECG,160,159,"[1, 2]",2,ACS,0,0.043433456411696686,0.9565665435883037,2,ACS,0.9565665435883037,True,0.001886465135866756
